1779727695209
1779727695567
1779727695875
1779727696185
1779727696556
1779727699453
1779727699888
1779727700339
1779727700832
1779727701297
1779727704339
1779727704776
1779727712174
1779727712753
1779727713262
1779727713768
1779727714295
1779727717209
1779727717737
1779727718235
1779727718753
1779727719256
1779727722044
1779727722527
1779727722999
1779727723546
1779727724054
1779727727011
1779727727522
1779727728081
1779727728603
1779727729169
1779727872533
1779727873039
1779727873583
1779727874094
1779727874590
1779727875115
1779727875644
1779727876136
1779727876655
1779727877157
1779727877704
1779727878189
1779727878702
1779727879210
1779727879791
1779727880320
1779727880851
1779727881366
1779727881818
1779727882298
1779727882736
1779727883314
1779727883818
1779727884324
1779727884864
1779727885373
1779727885948
1779727886435
1779727886988
1779727887498
1779727888029
1779727888578
1779727889072
1779727889632
1779727890157
1779727890718
1779727891235
1779727891721
1779727892207
1779727892765
1779727893296
1779727893842
1779727894335
1779727894874
1779727895390
1779727895923
1779727896444
1779727896985
1779727897487
1779727898023
1779727898533
1779727898992
1779727899473
1779727899992
1779727900489
1779727901011
1779727901523
1779727901992
1779727902443
1779727902971
1779727903580
1779727904030
1779727904575
1779727904993
1779727905459
1779727906003
1779727906413
1779727906873
1779727907244
1779727907679
1779727908146
1779727908572
1779727909004
1779727909560
1779727909955
1779727910360
1779727910818
1779727911312
1779727911799
1779727912233
1779727912779
1779727913330
1779727913883
1779727914366
1779727914847
1779727915379
1779727915960
1779727916458
1779727917038
1779727917607
1779727918121
1779727918625
1779727919036
1779727919435
1779727919931
1779727920323
1779727920732
1779727921116
1779727921526
1779727921965
1779727925032
1779727925506
1779727926010
1779727926579
1779727927124
1779727927620
1779727928083
1779727928599
1779727929089
1779727929616
1779727930076
1779727930679
1779727931194
1779727931753
1779727932240
1779727932813
1779727933377
1779727934000
1779727934515
1779727935108
1779727935649
1779727936119
1779727936649
1779727938060
1779727939408
1779727939889
1779727940342
1779727940934
1779727941454
1779727942034
1779727942585
1779727943138
1779727943740
1779727944234
1779727944757
1779727945208
1779727945765
1779727946279
1779727946843
1779727947365
1779727947929
1779727948458
1779727949017
1779727949569
1779727950133
1779727950624
test123
1779728354949
1779728355455
1779728355958
1779728356464
1779728356930
1779728357387
1779728357847
1779728358343
1779728358769
1779728359269
1779728359747
1779728360209
1779728360708
1779728361174
1779728361713
1779728362176
1779728362641
1779728363122
1779728363652
1779728364115
1779728364670
1779728365169
1779728365707
1779728366138
1779728366683
1779728367156
1779728367663
1779728368135
1779728368686
1779728369155
1779728369689
1779728370197
1779728370752
1779728371237
1779728371742
1779728372238
1779728372732
1779728373228
1779728373777
1779728374265
1779728374785
1779728375242
1779728375750
1779728376247
1779728376775
1779728377265
1779728377779
1779728378260
1779728378794
1779728379287
1779728379745
1779728380236
1779728380740
1779728381219
1779728381728
1779728382210
1779728382750
1779728383272
1779728383800
1779728384295
1779728384839
1779728385352
1779728385877
1779728386336
1779728386827
1779728387286
1779728387822
1779728388340
1779728388824
1779728389328
1779728389792
1779728390292
1779728390819
1779728391330
1779728391834
1779728392278
1779728392803
1779728393288
1779728393816
1779728394264
1779728394780
1779728395236
1779728395731
1779728396208
1779728396734
1779728397238
1779728397759
1779728398273
1779728398772
1779728399287
1779728399804
1779728400279
1779728400821
1779728401285
1779728401820
1779728402239
1779728402767
1779728403275
1779728403785
1779728404242
1779728407684
1779728408167
1779728408706
1779728409188
1779728409739
1779728410191
1779728410727
1779728411179
1779728411684
1779728412210
1779728412631
1779728413132
1779728413671
1779728414133
1779728414662
1779728415139
1779728415687
1779728416182
1779728416686
1779728417162
1779728417672
1779728418169
1779728418686
1779728419181
1779728419658
1779728420153
1779728420661
1779728421147
1779728421627
1779728422087
1779728422646
1779728423142
1779728423613
1779728424091
1779728424625
1779728425097
1779728425586
1779728426087
1779728426618
1779728427084
1779728427617
1779728428114
1779728428618
1779728429179
1779728429703
1779728430217
1779728430699
1779728431188
1779728431699
1779728432207
1779728432746
1779728433243
1779728433770
1779728434276
1779728434769
1779728435213
1779728435751
1779728436244
1779728436781
1779728437266
1779728437793
1779728438293
1779728438824
1779728439255
1779728439799
1779728440291
1779728440830
1779728441309
1779728441822
1779728442370
1779728442870
1779728443382
1779728443871
1779728444339
1779728444834
1779728445338
1779728445786
1779728446146
1779728446510
1779728446871
1779728447320
1779728447820
1779728448378
1779728448941
1779728449628
1779728450244
1779728450924
1779728451727
1779728452162
1779728452677
1779728453173
1779728453668
1779728454143
1779728454678
1779728455164
1779728455698
1779728456168
1779728456733
1779728457189
1779728457696
1779728460988
1779728461532
1779728462061
1779728462611
1779728463153
1779728463709
1779728464185
1779728464714
1779728465193
1779728465733
1779728466236
1779728466744
1779728467254
1779728467813
1779728468549
1779728469190
1779728469819
1779728470216
1779728470760
1779728471325
1779728472009
1779728472619
1779728473134
1779728473623
1779728474087
1779728474710
1779728475254
1779728476013
1779728476790
1779728477352
1779728478024
1779728478629
1779728479090
1779728479624
1779728480338
1779728480907
1779728481453
1779728481969
1779728482484
1779728483026
1779728483638
1779728484177
1779728484797
1779728485324
1779728485941
1779728486530
1779728487105
1779728487641
1779728488150
1779728488768
1779728489250
1779728489854
1779728490353
1779728490947
1779728491396
1779728492024
1779728492613
1779728493467
1779728493893
1779728494266
1779728494796
1779728495331
1779728495862
1779728496345
1779728496894
1779728497365
1779728497874
1779728498385
1779728498957
1779728499574
1779728500207
1779728501261
1779728501829
1779728502415
1779728502974
1779728503550
1779728504003
1779728504534
1779728505041
1779728505586
1779728506152
1779728506760
1779728507338
1779728507909
1779728508503
1779728509115
1779728509695
1779728510253
1779728510776
1779728511300
1779728511911
1779728512544
1779728513119
1779728513692
1779728514260
1779728514838
1779728515411
1779728516106
1779728516686
1779728517497
1779728521893
1779728522387
1779728522974
1779728523547
1779728523997
1779728524501
1779728525053
1779728525550
1779728525990
1779728526549
1779728527221
1779728527893
1779728528415
1779728528969
1779728529488
1779728530210
1779728530783
1779728531275
1779728531867
1779728532387
1779728533035
1779728533572
1779728534122
1779728534641
1779728535158
1779728535638
1779728536166
1779734517043
1779734517450
1779734517834
1779734518241
1779734518668
1779734519080
1779734519485
1779734519885
1779734520296
1779734520704
1779734521118
1779734521535
1779734521938
1779734522285
1779734522630
1779734523109
1779734523504
1779734523948
1779734524384
1779734524803
1779734525214
1779734525606
1779734525965
1779734526362
1779734526762
1779734527162
1779734527577
1779734527980
1779734528362
1779734528789
1779734529179
1779734529577
1779734529981
1779734530404
1779734530837
1779734531278
1779734531690
1779734532102
1779734532491
1779734532880
1779734533298
1779734533734
1779734534153
1779734534575
1779734534968
1779734535388
1779734535823
1779734536242
1779734536649
1779734537007
1779734537390
1779734537793
1779734538202
1779734538605
1779734539017
1779734539453
1779734539822
1779734540233
1779734540645
1779734541053
1779734541492
1779734541880
1779734542265
1779734542694
1779734543111
1779734543487
1779734543857
1779734544300
1779734544711
1779734545130
1779734545533
1779734545932
1779734546339
1779734546777
1779734547184
1779734547611
1779734548005
1779734548430
1779734548840
1779734549255
1779734549681
1779734550058
1779734550473
1779734550869
1779734551260
1779734551679
1779734552136
1779734552517
1779734552940
1779734553336
1779734553759
1779734554152
1779734554585
1779734554958
1779734555358
1779734555815
1779734556154
1779734556567
1779734556876
1779734557308
1779734559819
1779734560277
1779734560738
1779734561334
1779734561772
1779734562318
1779734562778
1779734563262
1779734563777
1779734564262
1779734564743
1779734565771
1779734566613
1779734567044
1779734567388
1779734567825
1779734568240
1779734568660
1779734569090
1779734569518
1779734569921
1779734570357
1779734570797
1779734571204
1779734571630
1779734572041
1779734572457
1779734572838
1779734573227
1779734573633
1779734574036
1779734574464
1779734574855
1779734575247
1779734575663
1779734576069
1779734576500
1779734576912
1779734577275
1779734577698
1779734578111
1779734578536
1779734578940
1779734579337
1779734579745
1779734580126
1779734580551
1779734580952
1779734581367
1779734581780
1779734582185
1779734582617
1779734583020
1779734583433
1779734583838
1779734584237
1779734584670
1779734585072
1779734585511
1779734585905
1779734586311
1779734586727
1779734587116
1779734587494
1779734587865
1779734588303
1779734588687
1779734589117
1779734589534
1779734589944
1779734590361
1779734590780
1779734591186
1779734591612
1779734592001
1779734592413
1779734592778
1779734593175
1779734593589
1779734593997
1779734594397
1779734594825
1779734595250
1779734595617
1779734596028
1779734596420
1779734596841
1779734597263
1779734597651
1779734598099
1779734598526
1779734598924
1779734599328
1779734599750
1779734600161
1779734600565
1779734600965
1779734601367
1779734601766
1779734602154
1779734604651
1779734605055
1779734605484
1779734605915
1779734606390
1779734606873
1779734607363
1779734607774
1779734608197
1779734608643
1779734609068
1779734609599
1779734610079
1779734610581
1779734611286
1779734611906
1779734612532
1779734612999
1779734613434
1779734613834
1779734614250
1779734614668
1779734615060
1779734615466
1779734615856
1779734616268
1779734616666
1779734617053
1779734617433
1779734617833
1779734618268
1779734618699
1779734619106
1779734619520
1779734619902
1779734620332
1779734620776
1779734621204
1779734621628
1779734622027
1779734622446
1779734622848
1779734623250
1779734623677
1779734624051
1779734624490
1779734624901
1779734625300
1779734625721
1779734626112
1779734626507
1779734626927
1779734627311
1779734627753
1779734628443
1779734628839
1779734629222
1779734629621
1779734630007
1779734630415
1779734630820
1779734631216
1779734631650
1779734632053
1779734632498
1779734633078
1779734633521
1779734633913
1779734634272
1779734634660
1779734635063
1779734635518
1779734635931
1779734636364
1779734636798
1779734637194
1779734637624
1779734638025
1779734638457
1779734638852
1779734639243
1779734639648
1779734640069
1779734640494
1779734640869
1779734641285
1779734641694
1779734642159
1779734642589
1779734643011
1779734643421
1779734643819
1779734644248
1779734644575
1779734644937
1779734645311
1779734645738
1779734646144
1779734646569
1779734646957
1779734649498
1779734649917
1779734650304
1779734650720
1779734651114
1779734651534
1779734651914
1779734652334
1779734652765
1779734653147
1779734653570
1779734653974
1779734654334
1779734654734
1779734655116
1779734655548
1779734655913
1779734656322
1779734656752
1779734657122
1779734657551
1779734657949
1779734658345
1779734658780
1779734659148
1779734659578
1779734659961
1779734660386
1779734660785
1779734661172
1779734661600
1779734661984
1779734662378
1779734662774
1779734663188
1779734663612
1779734664046
1779734664416
1779734664829
1779734665221
1779734665652
1779734666039
1779734666459
1779734666863
1779734667233
1779734667640
1779734668023
1779734668433
1779734668860
1779734669296
1779734669630
1779734669916
1779734670205
1779734670518
1779734670808
1779734671098
1779734671407
1779734671771
1779734672185
1779734672595
1779734672931
1779734673356
1779734673770
1779734674194
1779734674643
1779734675021
1779734675403
1779734675792
1779734676183
1779734676508
1779734676893
1779734677321
1779734677755
1779734678165
1779734678597
1779734678959
1779734679370
1779734679840
1779734680257
1779734680650
1779734681024
1779734681457
1779734681854
1779734682226
1779734682661
1779734683005
1779734683423
1779734683817
1779734684239
1779734684638
1779734685027
1779734685462
1779734685889
1779734686310
1779734686711
1779734687077
1779734687509
1779734687923
1779734688302
1779734688733
1779734691155
1779734691539
1779734691930
1779734692348
1779734692742
1779734693115
1779734693533
1779734693888
1779734694241
1779734694663
1779734695056
1779734695476
1779734695876
1779734696262
1779734696684
1779734697073
1779734697508
1779734697887
1779734698288
1779734698693
1779734699053
1779734699489
1779734699889
1779734700313
1779734700696
1779734701090
1779734701507
1779734701889
1779734702268
1779734702688
1779734703065
1779734703503
1779734703910
1779734704328
1779734704768
1779734705169
1779734705585
1779734705991
1779734706433
1779734706842
1779734707219
1779734707633
1779734708050
1779734708447
1779734708852
1779734709273
1779734709697
1779734710069
1779734710522
1779734710877
1779734711262
1779734711702
1779734712098
1779734712544
1779734712961
1779734713355
1779734713788
1779734714178
1779734714637
1779734715028
1779734715472
1779734715877
1779734716269
1779734716694
1779734717054
1779734717468
1779734717900
1779734718267
1779734718690
1779734719080
1779734719503
1779734719931
1779734720322
1779734720792
1779734721192
1779734721718
1779734722053
1779734722489
1779734722906
1779734723276
1779734723716
1779734724100
1779734724488
1779734724906
1779734725299
1779734725739
1779734726108
1779734726530
1779734726947
1779734727351
1779734727776
1779734728175
1779734728602
1779734729010
1779734729445
1779734729842
1779734730241
1779734730658
1779734731073
1779734731496
1779734734061
1779734734474
1779734734886
1779734735293
1779734735663
1779734736078
1779734736513
1779734736919
1779734737330
1779734737761
1779734738125
1779734738543
1779734738942
1779734739359
1779734739793
1779734740097
1779734740461
1779734740783
1779734741189
1779734741603
1779734742013
1779734742416
1779734742832
1779734743253
1779734743694
1779734744095
1779734744496
1779734744905
1779734745321
1779734745747
1779734746149
1779734746578
1779734746981
1779734747402
1779734747836
1779734748233
1779734748657
1779734749061
1779734749483
1779734749874
1779734750268
1779734750692
1779734751089
1779734751529
1779734751930
1779734752328
1779734752731
1779734753147
1779734753603
1779734753996
1779734754396
1779734754852
1779734755232
1779734755637
1779734756059
1779734756492
1779734756878
1779734757242
1779734757678
1779734758085
1779734758501
1779734758855
1779734759129
1779734759528
1779734759894
1779734760287
1779734760703
1779734761093
1779734761495
1779734761901
1779734762315
1779734762741
1779734763161
1779734763576
1779734763975
1779734764375
1779734764803
1779734765148
1779734765553
1779734765947
1779734766331
1779734766737
1779734767145
1779734767604
1779734767984
1779734768373
1779734768816
1779734769214
1779734769663
1779734770073
1779734770489
1779734770879
1779734771276
1779734771685
1779734772090
1779734772509
1779734772921
1779734773295
1779734773712
1779734774123
1779734776540
1779734776980
1779734777337
1779734777759
1779734778147
1779734778548
1779734778971
1779734779325
1779734779728
1779734780146
1779734780596
1779734780943
1779734781286
1779734781686
1779734782075
1779734782514
1779734782912
1779734783308
1779734783731
1779734784174
1779734784561
1779734784977
1779734785338
1779734785654
1779734786061
1779734787344
1779734787662
1779734787955
1779734788290
1779734788666
1779734789050
1779734789426
1779734789814
1779734790134
1779734790549
1779734790860
1779734791193
1779734791596
1779734791959
1779734792330
1779734792750
1779734793137
1779734793529
1779734793890
1779734794261
1779734794690
1779734795055
1779734795456
1779734795841
1779734796198
1779734796565
1779734796915
1779734797310
1779734797711
1779734798110
1779734798530
1779734798923
1779734799292
1779734799706
1779734800051
1779734800451
1779734800828
1779734801166
1779734801578
1779734801960
1779734802371
1779734802794
1779734803196
1779734803619
1779734804002
1779734804409
1779734804792
1779734805174
1779734805575
1779734805982
1779734806336
1779734806734
1779734807107
1779734807534
1779734807915
1779734808292
1779734808717
1779734809088
1779734809502
1779734809900
1779734810301
1779734810723
1779734811085
1779734811476
1779734811842
1779734812224
1779734812651
1779734813039
1779734813448
1779734813859
1779734814250
1779734814670
1779734815052
1779734815488
1779734815861
1779734818143
1779734818517
1779734818887
1779734819257
1779734819652
1779734820036
1779734820418
1779734820816
1779734821218
1779734821611
1779734821990
1779734822353
1779734822750
1779734823099
1779734823517
1779734823905
1779734824287
1779734824708
1779734825107
1779734825515
1779734825885
1779734826266
1779734826673
1779734827034
1779734827453
1779734827845
1779734828242
1779734828651
1779734829046
1779734829462
1779734829826
1779734830204
1779734830586
1779734831093
1779734831425
1779734831712
1779734831988
1779734832266
1779734832561
1779734832874
1779734833161
1779734833682
1779734834312
1779734835199
1779734835611
1779734836003
1779734836422
1779734836827
1779734837223
1779734837662
1779734838075
1779734838518
1779734838923
1779734839334
1779734839763
1779734840147
1779734840575
1779734841005
1779734841412
1779734841800
1779734842213
1779734842653
1779734843066
1779734843499
1779734843910
1779734844297
1779734844747
1779734845162
1779734845591
1779734846045
1779734846539
1779734846915
1779734847311
1779734847735
1779734848135
1779734848580
1779734848948
1779734849337
1779734849781
1779734850181
1779734850566
1779734850971
1779734851352
1779734851780
1779734852191
1779734852585
1779734852997
1779734853380
1779734853833
1779734854224
1779734854655
1779734855043
1779734855475
1779734855878
1779734856276
1779734856719
1779734857123
1779734857565
1779734857969
1779734858410
1779734860871
1779734861302
1779734861747
1779734862159
1779734862578
1779734862970
1779734863357
1779734863781
1779734864197
1779734864640
1779734865052
1779734865436
1779734865879
1779734866265
1779734866644
1779734867077
1779734867481
1779734867898
1779734868347
1779734868778
1779734869201
1779734869635
1779734870035
1779734870434
1779734870812
1779734871230
1779734871668
1779734872095
1779734872497
1779734872908
1779734873326
1779734873798
1779734874223
1779734874652
1779734875073
1779734875474
1779734875876
1779734876296
1779734876688
1779734877053
1779734877447
1779734877838
1779734878252
1779734878630
1779734879005
1779734879437
1779734879806
1779734880223
1779734880647
1779734881062
1779734881554
1779734881951
1779734882366
1779734882773
1779734883205
1779734883633
1779734884060
1779734884492
1779734884922
1779734885350
1779734885765
1779734886167
1779734886571
1779734886960
1779734887356
1779734887766
1779734888166
1779734888588
1779734889007
1779734889462
1779734889895
1779734890329
1779734890731
1779734891157
1779734891570
1779734891981
1779734892377
1779734892799
1779734893200
1779734893632
1779734894013
1779734894436
1779734894833
1779734895226
1779734895639
1779734896062
1779734896518
1779734896907
1779734897316
1779734897773
1779734898188
1779734898601
1779734899004
1779734899427
1779734899799
1779734900210
1779734900650
1779734901036
1779734901470
1779734901877
1779734904356
1779734904801
1779734905211
1779734905629
1779734906001
1779734906510
1779734906914
1779734907314
1779734907784
1779734908213
1779734908631
1779734908981
1779734909395
1779734909814
1779734910233
1779734910714
1779734911109
1779734911511
1779734911915
1779734912326
1779734912746
1779734913166
1779734913583
1779734913964
1779734914356
1779734914790
1779734915182
1779734915606
1779734916021
1779734916469
1779734916865
1779734917259
1779734917679
1779734918107
1779734918533
1779734918957
1779734919369
1779734919787
1779734920185
1779734920584
1779734920998
1779734921416
1779734921854
1779734922255
1779734922675
1779734923082
1779734923500
1779734923888
1779734924296
1779734924716
1779734925096
1779734925504
1779734925920
1779734926334
1779734926771
1779734927165
1779734927563
1779734927944
1779734928377
1779734928814
1779734929205
1779734929611
1779734929962
1779734930409
1779734930817
1779734931214
1779734931611
1779734931988
1779734932386
1779734932817
1779734933213
1779734933614
1779734934020
1779734934448
1779734934846
1779734935255
1779734935670
1779734936070
1779734936486
1779734936886
1779734937277
1779734937738
1779734938132
1779734938557
1779734938950
1779734939362
1779734939774
1779734940161
1779734940593
1779734940987
1779734941402
1779734941835
1779734942245
1779734942656
1779734943060
1779734943495
1779734943876
1779734944308
1779734944719
1779734945111
1779734947674
1779734948091
1779734948513
1779734948901
1779734949301
1779734949716
1779734950092
1779734950566
1779734950957
1779734951371
1779734951780
1779734952181
1779734952598
1779734953031
1779734953729
1779734954394
1779734955263
1779734955599
1779734955938
1779734956325
1779734956710
1779734957094
1779734957527
1779734957930
1779734958331
1779734958726
1779734959146
1779734959625
1779734960052
1779734960528
1779734960933
1779734961340
1779734961744
1779734962135
1779734962568
1779734962959
1779734963360
1779734963747
1779734964146
1779734964576
1779734964986
1779734965414
1779734965841
1779734966242
1779734966670
1779734967087
1779734967873
1779734968284
1779734968729
1779734969136
1779734969550
1779734969936
1779734970412
1779734970854
1779734977435
1779734977897
1779734978215
1779734978669
1779734979022
1779734979346
1779734979654
1779734979979
1779734980375
1779734980772
1779734981206
1779734981597
1779734981900
1779734982196
1779734982528
1779734982846
1779734983151
1779734983494
1779734983802
1779734984132
1779734984445
1779734984752
1779734985076
1779734985463
1779734985767
1779734986080
1779734986430
1779734986733
1779734987035
1779734987472
1779734987868
1779734988264
1779734988723
1779734989116
1779734989559
1779734989972
1779734990353
1779734990786
1779734991225
1779734991658
1779734991988
1779734992377
1779734992829
1779734993214
1779734993672
1779734994051
1779734996469
1779734996915
1779734997313
1779734997750
1779734998140
1779734998598
1779734998995
1779734999401
1779734999858
1779735000211
1779735000675
1779735001067
1779735001486
1779735001861
1779735002257
1779735002716
1779735003099
1779735003523
1779735003915
1779735004276
1779735004716
1779735005135
1779735005578
1779735005976
1779735006396
1779735006830
1779735007245
1779735007650
1779735008058
1779735008491
1779735008894
1779735009306
1779735009780
1779735010174
1779735010587
1779735010961
1779735011363
1779735011783
1779735012176
1779735012613
1779735012984
1779735013353
1779735013797
1779735014195
1779735014631
1779735015026
1779735015430
1779735015840
1779735016219
1779735016645
1779735017043
1779735017465
1779735017864
1779735018258
1779735018679
1779735019085
1779735019521
1779735019925
1779735020327
1779735020772
1779735021163
1779735021604
1779735021955
1779735022367
1779735022796
1779735023204
1779735023649
1779735024014
1779735024424
1779735024821
1779735025237
1779735025605
1779735025994
1779735026363
1779735026816
1779735027225
1779735027669
1779735028054
1779735028498
1779735028916
1779735029306
1779735029740
1779735030159
1779735030576
1779735030961
1779735031406
1779735031839
1779735032226
1779735032678
1779735033072
1779735033492
1779735033893
1779735034258
1779735034685
1779735035095
1779735035510
1779735035924
1779735036336
1779735036755
1779735037151
1779735039617
1779735040055
1779735040461
1779735040863
1779735041272
1779735041687
1779735042083
1779735042506
1779735042935
1779735043328
1779735043782
1779735044176
1779735044606
1779735045007
1779735045426
1779735045830
1779735046239
1779735046663
1779735047048
1779735047453
1779735047859
1779735048258
1779735048686
1779735049101
1779735049525
1779735049953
1779735050346
1779735050775
1779735051178
1779735051609
1779735052000
1779735052411
1779735052823
1779735053196
1779735053649
1779735054065
1779735055075
1779735055943
1779735056350
1779735056709
1779735057127
1779735057553
1779735057998
1779735058422
1779735058860
1779735059283
1779735059689
1779735059989
1779735060281
1779735060660
1779735060978
1779735061397
1779735061833
1779735062254
1779735062686
1779735063114
1779735063533
1779735063960
1779735064361
1779735064777
1779735065189
1779735065647
1779735066034
1779735066472
1779735066874
1779735067289
1779735067720
1779735068113
1779735068529
1779735068968
1779735069385
1779735069887
1779735070293
1779735070723
1779735071097
1779735071527
1779735071930
1779735072326
1779735072743
1779735073152
1779735073598
1779735074017
1779735074443
1779735074851
1779735075266
1779735075708
1779735076101
1779735076527
1779735076948
1779735077320
1779735077755
1779735078178
1779735078580
1779735078988
1779735079387
1779735079807
1779735080217
1779735080676
1779735080987
1779735081363
1779735083803
1779735084208
1779735084688
1779735085105
1779735085527
1779735085945
1779735086341
1779735086786
1779735087171
1779735087605
1779735088020
1779735088449
1779735088863
1779735089264
1779735089697
1779735090072
1779735090487
1779735090892
1779735091268
1779735091706
1779735092098
1779735092504
1779735092922
1779735093298
1779735093754
1779735094141
1779735094582
1779735095003
1779735095436
1779735095847
1779735096231
1779735096668
1779735096959
1779735097341
1779735097791
1779735098184
1779735098577
1779735098968
1779735099382
1779735099828
1779735100201
1779735100604
1779735101027
1779735101465
1779735101864
1779735102223
1779735102639
1779735103032
1779735103467
1779735103896
1779735104279
1779735104680
1779735105071
1779735105477
1779735105906
1779735106263
1779735106679
1779735107071
1779735107506
1779735107915
1779735108320
1779735108709
1779735109115
1779735109536
1779735109955
1779735110349
1779735110775
1779735111220
1779735111608
1779735112011
1779735112411
1779735112816
1779735113209
1779735113629
1779735114049
1779735114438
1779735114837
1779735115228
1779735115650
1779735116053
1779735116480
1779735116911
1779735117264
1779735117695
1779735118129
1779735118556
1779735118938
1779735119308
1779735119722
1779735120129
1779735120536
1779735120955
1779735121352
1779735121780
1779735122186
1779735122574
1779735122985
1779735123402
1779735123828
1779735124219
1779735126741
1779735127181
1779735127601
1779735128016
1779735128435
1779735128816
1779735129237
1779735129665
1779735130093
1779735130539
1779735130972
1779735131360
1779735131805
1779735132184
1779735132585
1779735133004
1779735133418
1779735133845
1779735134226
1779735134614
1779735135032
1779735135469
1779735135910
1779735136255
1779735136676
1779735137095
1779735137530
1779735137932
1779735138316
1779735138761
1779735139153
1779735139550
1779735139958
1779735140331
1779735140739
1779735141140
1779735141561
1779735141965
1779735142332
1779735142764
1779735143094
1779735143510
1779735143905
1779735144317
1779735144719
1779735145151
1779735145528
1779735145944
1779735146393
1779735147421
1779735148288
1779735148720
1779735149087
1779735149519
1779735149914
1779735150295
1779735150748
1779735151167
1779735151593
1779735152010
1779735152450
1779735152838
1779735153237
1779735153669
1779735154078
1779735154462
1779735154847
1779735155226
1779735155637
1779735156034
1779735156478
1779735156854
1779735157233
1779735157668
1779735158094
1779735158511
1779735158917
1779735159283
1779735159687
1779735160066
1779735160484
1779735160898
1779735161294
1779735161723
1779735162149
1779735162628
1779735163007
1779735163450
1779735163873
1779735164276
1779735164706
1779735165117
1779735165519
1779735165933
1779735166304
1779735166729
1779735167144
1779735167551
1779735167970
1779735168378
1779735171016
1779735171347
1779735171653
1779735171984
1779735172296
1779735172630
1779735172961
1779735173282
1779735173619
1779735173918
1779735174215
1779735174546
1779735174887
1779735175221
1779735175644
1779735176053
1779735176460
1779735176823
1779735177205
1779735177694
1779735178121
1779735178527
1779735178953
1779735179321
1779735179765
1779735180187
1779735180615
1779735181061
1779735181486
1779735181906
1779735182318
1779735182780
1779735183084
1779735183423
1779735183839
1779735184142
1779735184491
1779735184887
1779735185301
1779735185727
1779735186144
1779735186575
1779735187003
1779735187503
1779735187906
1779735188275
1779735188678
1779735189088
1779735189545
1779735189958
1779735190338
1779735190783
1779735191177
1779735191562
1779735191859
1779735192174
1779735192557
1779735192889
1779735193293
1779735193751
1779735194161
1779735194589
1779735194997
1779735195364
1779735195798
1779735196224
1779735196670
1779735197077
1779735197502
1779735197947
1779735198337
1779735198766
1779735199165
1779735199584
1779735199997
1779735200414
1779735200855
1779735201231
1779735201634
1779735202022
1779735202445
1779735202824
1779735203236
1779735203664
1779735204061
1779735204476
1779735204886
1779735205258
1779735205605
1779735206021
1779735206440
1779735206862
1779735207252
1779735207635
1779735208036
1779735208454
1779735208842
1779735209260
1779735209707
1779735210114
1779735212559
1779735212978
1779735213413
1779735213848
1779735214255
1779735214662
1779735215079
1779735215506
1779735215911
1779735216339
1779735216757
1779735217157
1779735217631
1779735218036
1779735218467
1779735218893
1779735219316
1779735219721
1779735220133
1779735220590
1779735220996
1779735221427
1779735221860
1779735222252
1779735222622
1779735222992
1779735223405
1779735223827
1779735224242
1779735224632
1779735225090
1779735225504
1779735225911
1779735226310
1779735226735
1779735227110
1779735227523
1779735227942
1779735228330
1779735228757
1779735229160
1779735229573
1779735229955
1779735230354
1779735230766
1779735231157
1779735231590
1779735231995
1779735232387
1779735232807
1779735233182
1779735233603
1779735234019
1779735234469
1779735234892
1779735235321
1779735235716
1779735236116
1779735236548
1779735236987
1779735237314
1779735237702
1779735238106
1779735238500
1779735238920
1779735239313
1779735239729
1779735240134
1779735240562
1779735240982
1779735241388
1779735241786
1779735242171
1779735242590
1779735242978
1779735243346
1779735243766
1779735244161
1779735244590
1779735245022
1779735245450
1779735245862
1779735246249
1779735246670
1779735247054
1779735247487
1779735247872
1779735248301
1779735248659
1779735249048
1779735249500
1779735249921
1779735250304
1779735250703
1779735251124
1779735251530
1779735251947
1779735252353
1779735252767
1779735253165
1779735255727
1779735256171
1779735256616
1779735257006
1779735257443
1779735257834
1779735258232
1779735258611
1779735259018
1779735259442
1779735259855
1779735260223
1779735260656
1779735261057
1779735261494
1779735261903
1779735262297
1779735262721
1779735263129
1779735263517
1779735263912
1779735264332
1779735264767
1779735265149
1779735265585
1779735265985
1779735266396
1779735266773
1779735267178
1779735267586
1779735267985
1779735268400
1779735268823
1779735269213
1779735269654
1779735270038
1779735270466
1779735270863
1779735271265
1779735271636
1779735272047
1779735272418
1779735272842
1779735273271
1779735273586
1779735273872
1779735274256
1779735274667
1779735275077
1779735275477
1779735275877
1779735276289
1779735276711
1779735277116
1779735277536
1779735277924
1779735278302
1779735278744
1779735279138
1779735279581
1779735280039
1779735280711
1779735281429
1779735282180
1779735282635
1779735282988
1779735283389
1779735283810
1779735284205
1779735284651
1779735285061
1779735285501
1779735286026
1779735286534
1779735287065
1779735287587
1779735288037
1779735288502
1779735289001
1779735289496
1779735290035
1779735290527
1779735290948
1779735291346
1779735291783
1779735292202
1779735292652
1779735293069
1779735293495
1779735293902
1779735294301
1779735294710
1779735295115
1779735295516
1779735295934
1779735296343
1779735296771
1779735297181
1779735297626
1779735298022
1779735300494
1779735300950
1779735301354
1779735301883
1779735302347
1779735302837
1779735303304
1779735303813
1779735304226
1779735304750
1779735305265
1779735305806
1779735306354
1779735306724
1779735307133
1779735307586
1779735307987
1779735308410
1779735308833
1779735309251
1779735309700
1779735310133
1779735310605
1779735311054
1779735311442
1779735311850
1779735312248
1779735312663
1779735313074
1779735313461
1779735313861
1779735314247
1779735314688
1779735315042
1779735315474
1779735315859
1779735316270
1779735316697
1779735317111
1779735317517
1779735317918
1779735318300
1779735318732
1779735319128
1779735319571
1779735319968
1779735320366
1779735320803
1779735321223
1779735321610
1779735321982
1779735322357
1779735322799
1779735323222
1779735323655
1779735324054
1779735324460
1779735324876
1779735325288
1779735325734
1779735326132
1779735326552
1779735326922
1779735327313
1779735327775
1779735328188
1779735328613
1779735329034
1779735329463
1779735329883
1779735330292
1779735330730
1779735331130
1779735331573
1779735331989
1779735332402
1779735332955
1779735333433
1779735333919
1779735334364
1779735334877
1779735335234
1779735335631
1779735336096
1779735336553
1779735336972
1779735337450
1779735337919
1779735338384
1779735338928
1779735339435
1779735339929
1779735340405
1779735340924
1779735341469
1779735341955
1779735342576
1779735343107
1779735343661
1779735344173
1779735347281
1779735347811
1779735348266
1779735348798
1779735349306
1779735349847
1779735350379
1779735350900
1779735351406
1779735351951
1779735352403
1779735352952
1779735353431
1779735353934
1779735354366
1779735354813
1779735355300
1779735355849
1779735356351
1779735356865
1779735357372
1779735357900
1779735358423
1779735358948
1779735359407
1779735359950
1779735360452
1779735361016
1779735361523
1779735361924
1779735362387
1779735362894
1779735363435
1779735363967
1779735364436
1779735364999
1779735365473
1779735365994
1779735366482
1779735367026
1779735367566
1779735368072
1779735368562
1779735369076
1779735369626
1779735370119
1779735370770
1779735371267
1779735371827
1779735372376
1779735372875
1779735373397
1779735373912
1779735374381
1779735374902
1779735375437
1779735375886
1779735376314
1779735376861
1779735377372
1779735377887
1779735378427
1779735378938
1779735379433
1779735379973
1779735380497
1779735381023
1779735381562
1779735382083
1779735382574
1779735383077
1779735383625
1779735384159
1779735384643
1779735385152
1779735385694
1779735386193
1779735386742
1779735387177
1779735387679
1779735388119
1779735388661
1779735389146
1779735389691
1779735390209
1779735390733
1779735391247
1779735391813
1779735392316
1779735392850
1779735393309
1779735393826
1779735394332
1779735394877
1779735395407
1779735396080
1779735396601
1779735397116
1779735397647
1779735398174
1779735401176
1779735401714
1779735402205
1779735402695
1779735403238
1779735403769
1779735404259
1779735404767
1779735405267
1779735405820
1779735406276
1779735406831
1779735407338
1779735407859
1779735408364
1779735408869
1779735409421
1779735409960
1779735410456
1779735410983
1779735411485
1779735412004
1779735412572
1779735413087
1779735413653
1779735414117
1779735414645
1779735415121
1779735415638
1779735416137
1779735416666
1779735417196
1779735417710
1779735418236
1779735418757
1779735419276
1779735419788
1779735420195
1779735420636
1779735421030
1779735421468
1779735421883
1779735422290
1779735422817
1779735423234
1779735423662
1779735424097
1779735424521
1779735424908
1779735425311
1779735425760
1779735426170
1779735426716
1779735427168
1779735427700
1779735428188
1779735428704
1779735429209
1779735429718
1779735430293
1779735430804
1779735431311
1779735431866
1779735432350
1779735432920
1779735433412
1779735433944
1779735434385
1779735434816
1779735435320
1779735435819
1779735436208
1779735436729
1779735437236
1779735437773
1779735438289
1779735438795
1779735439344
1779735439851
1779735440372
1779735440934
1779735441450
1779735441977
1779735442500
1779735443024
1779735443568
1779735444054
1779735444609
1779735445106
1779735445685
1779735446168
1779735446714
1779735447209
1779735447755
1779735448290
1779735448813
1779735449292
1779735449852
1779735450347
1779735450896
1779735457337
1779735457897
1779735458419
1779735458941
1779735459462
1779735459976
1779735460459
1779735460972
1779735461493
1779735462032
1779735462562
1779735463062
1779735463612
1779735464093
1779735464618
1779735465121
1779735465637
1779735466144
1779735466695
1779735467135
1779735467651
1779735468188
1779735468671
1779735469193
1779735469759
1779735470279
1779735470802
1779735471331
1779735471821
1779735472262
1779735472819
1779735473306
1779735473893
1779735474291
1779735474817
1779735475334
1779735475888
1779735476377
1779735476934
1779735477460
1779735478055
1779735478559
1779735479103
1779735479637
1779735480171
1779735480678
1779735481184
1779735481701
1779735483106
1779735483598
1779735484300
1779735484817
1779735485395
1779735485924
1779735486378
1779735486869
1779735487449
1779735487975
1779735488473
1779735489004
1779735489585
1779735490117
1779735490765
1779735491286
1779735491848
1779735492340
1779735492939
1779735493482
1779735494091
1779735494609
1779735495141
1779735495705
1779735496217
1779735496709
1779735497233
1779735497814
1779735498369
1779735498906
1779735499440
1779735499972
1779735500496
1779735501028
1779735501534
1779735502042
1779735502595
1779735503099
1779735503638
1779735504133
1779735504676
1779735505194
1779735505719
1779735506250
1779735506798
1779735507329
1779735507881
1779735508375
1779735508922
1779735509445
1779735509978
1779735510506
1779735513325
1779735513571
1779735513828
1779735514074
1779735514350
1779735514597
1779735514862
1779735515105
1779735515362
1779735515587
1779735515831
1779735516063
1779735516322
1779735516564
1779735516833
1779735517095
1779735517344
1779735517831
1779735518405
1779735518862
1779735519431
1779735520089
1779735521166
1779735522556
1779735523370
1779735523803
1779735524272
1779735524825
1779735525317
1779735525838
1779735526339
1779735526989
1779735527523
1779735528183
1779735528838
1779735529289
1779735529882
1779735530371
1779735530898
1779735531338
1779735531860
1779735532345
1779735532874
1779735533309
1779735533862
1779735534339
1779735534859
1779735535364
1779735535902
1779735536405
1779735536926
1779735537428
1779735537939
1779735538453
1779735538989
1779735539521
1779735540027
1779735540564
1779735541083
1779735541584
1779735542091
1779735542639
1779735543091
1779735543577
1779735544046
1779735544551
1779735545068
1779735545582
1779735546092
1779735546649
1779735547151
1779735547680
1779735548159
1779735548702
1779735549172
1779735549837
1779735550380
1779735550947
1779735551371
1779735551898
1779735552399
1779735552943
1779735553450
1779735553948
1779735554501
1779735555022
1779735555616
1779735556193
1779735556874
1779735557481
1779735558134
1779735559514
1779735560624
1779735561169
1779735561730
1779735562216
1779735562714
1779735563285
1779735563954
1779735564475
1779735567518
1779735568129
1779735568650
1779735569170
1779735569710
1779735570190
1779735570697
1779735571221
1779735571751
1779735572184
1779735572697
1779735573212
1779735573672
1779735574166
1779735574657
1779735575155
1779735575650
1779735576082
1779735576619
1779735577139
1779735577624
1779735578126
1779735578676
1779735579206
1779735579756
1779735580238
1779735580754
1779735581250
1779735581729
1779735582207
1779735582686
1779735583194
1779735583732
1779735584224
1779735584719
1779735585208
1779735585726
1779735586226
1779735586733
1779735587231
1779735587757
1779735588247
1779735588781
1779735589352
1779735589893
1779735590377
1779735590890
1779735591457
1779735591989
1779735592477
1779735592871
1779735593402
1779735593907
1779735594419
1779735594925
1779735595447
1779735596006
1779735596511
1779735597029
1779735597533
1779735598069
1779735598551
1779735599103
1779735599696
1779735600242
1779735600805
1779735601354
1779735601853
1779735602315
1779735602871
1779735603376
1779735603912
1779735604564
1779735605122
1779735605726
1779735606327
1779735606893
1779735607434
1779735608021
1779735608658
1779735609324
1779735610019
1779735610656
1779735611219
1779735611800
1779735612352
1779735612873
1779735613378
1779735613867
1779735614413
1779735615101
1779735615724
1779735616658
1779735617494
1779735618617
1779735619167
1779735619831
1779735620439
1779735621037
1779735621707
1779735625065
1779735625723
1779735626214
1779735626831
1779735627484
1779735628148
1779735628835
1779735629545
1779735630268
1779735630935
1779735631535
1779735632208
1779735632852
1779735633461
1779735634131
1779735634754
1779735635298
1779735635813
1779735636418
1779735636929
1779735637461
1779735637945
1779735638437
1779735638940
1779735639447
1779735640003
1779735640407
1779735640833
1779735641191
1779735641633
1779735642033
1779735642488
1779735642891
1779735643318
1779735643833
1779735644254
1779735644736
1779735645134
1779735645601
1779735646156
1779735646710
1779735647236
1779735647717
1779735648867
1779735649683
1779735650726
1779735651232
1779735651700
1779735652252
1779735652728
1779735653314
1779735653831
1779735654326
1779735654816
1779735655334
1779735655871
1779735656264
1779735656700
1779735657196
1779735657637
1779735658083
1779735658583
1779735659112
1779735659645
1779735660147
1779735660642
1779735661142
1779735661699
1779735662227
1779735662745
1779735663295
1779735663851
1779735664370
1779735664913
1779735665415
1779735665948
1779735666435
1779735667047
1779735667671
1779735668220
1779735668786
1779735669349
1779735669928
1779735670520
1779735671194
1779735671774
1779735672269
1779735672786
1779735673272
1779735673809
1779735674308
1779735674815
1779735675315
1779735675850
1779735676281
1779735676811
1779735677340
1779735677864
1779735678433
1779735678863
1779735681842
1779735682301
1779735682740
1779735683253
1779735683772
1779735684337
1779735684805
1779735685331
1779735685860
1779735686388
1779735686867
1779735687374
1779735687890
1779735688404
1779735688932
1779735689544
1779735690140
1779735690682
1779735691193
1779735691749
1779735692404
1779735692982
1779735693560
1779735694230
1779735694710
1779735695574
1779735696167
1779735696691
1779735697221
1779735697904
1779735698508
1779735699091
1779735699693
1779735700251
1779735700839
1779735701333
1779735701888
1779735702400
1779735702927
1779735703458
1779735703970
1779735704472
1779735704961
1779735705480
1779735706018
1779735706544
1779735707036
1779735707570
1779735708062
1779735708557
1779735709049
1779735709624
1779735710156
1779735710758
1779735711314
1779735711852
1779735712404
1779735712978
1779735713438
1779735714005
1779735714483
1779735714976
1779735715501
1779735716026
1779735716580
1779735717036
1779735717568
1779735718084
1779735718604
1779735719094
1779735719644
1779735720196
1779735720735
1779735721211
1779735721729
1779735722219
1779735722729
1779735723244
1779735723758
1779735724258
1779735724817
1779735725343
1779735725878
1779735726411
1779735726920
1779735727442
1779735727975
1779735728518
1779735729055
1779735729591
1779735730070
1779735730650
1779735731130
1779735731704
1779735732220
1779735732735
1779735733233
1779735733784
1779735734252
1779735734800
1779735737997
1779735738530
1779735739060
1779735739594
1779735740070
1779735740583
1779735741088
1779735741619
1779735742100
1779735742645
1779735743087
1779735743624
1779735744188
1779735744694
1779735745222
1779735745851
1779735746286
1779735746796
1779735747246
1779735747916
1779735748449
1779735749054
1779735749640
1779735750253
1779735750898
1779735751527
1779735752493
1779735753588
1779735754741
1779735755282
1779735755781
1779735756326
1779735756929
1779735757594
1779735758340
1779735759054
1779735759773
1779735760276
1779735760830
1779735761309
1779735761816
1779735762288
1779735762818
1779735763295
1779735763833
1779735764329
1779735764853
1779735765329
1779735765851
1779735766471
1779735767083
1779735767636
1779735768211
1779735768742
1779735769293
1779735769671
1779735770116
1779735770753
1779735771288
1779735771759
1779735772245
1779735772819
1779735773284
1779735773859
1779735774306
1779735774895
1779735776058
1779735776689
1779735777200
1779735777879
1779735778529
1779735779180
1779735779761
1779735780305
1779735781533
1779735782942
1779735783502
1779735784195
1779735784812
1779735785320
1779735785930
1779735786450
1779735787026
1779735787721
1779735788381
1779735788930
1779735789482
1779735790174
1779735791063
1779735791818
1779735792316
1779735792851
1779735793313
1779735793788
1779735794241
1779735794735
1779735795204
1779735795692
1779735796163
1779735796654
1779735799631
1779735800096
1779735800547
1779735800985
1779735801427
1779735801985
1779735802449
1779735802945
1779735803419
1779735803924
1779735804422
1779735805081
1779735805687
1779735806307
1779735806954
1779735807452
1779735808052
1779735808641
1779735809205
1779735809733
1779735810263
1779735810873
1779735811358
1779735811906
1779735812386
1779735812876
1779735813335
1779735813863
1779735814352
1779735814897
1779735815371
1779735815888
1779735816384
1779735816915
1779735817390
1779735817912
1779735818431
1779735818973
1779735819413
1779735819955
1779735820443
1779735821056
1779735821718
1779735822510
1779735823234
1779735823938
1779735824525
1779735825109
1779735825927
1779735826684
1779735827287
1779735827861
1779735828413
1779735829080
1779735829758
1779735830391
1779735831058
1779735831671
1779735832324
1779735833053
1779735833795
1779735835372
1779735836275
1779735837626
1779735840474
1779735842060
1779735842540
1779735842967
1779735843369
1779735843799
1779735844201
1779735844669
1779735845102
1779735845555
1779735846029
1779735846446
1779735846948
1779735847473
1779735848750
1779735850176
1779735851106
1779735851917
1779735852859
1779735853538
1779735854267
1779735855358
1779735855915
1779735856351
1779735856863
1779735857719
1779735858414
1779735859041
1779735860086
1779735861491
1779735862263
1779735862843
1779735863299
1779735863891
1779735864464
1779735865048
1779735868567
1779735869097
1779735869596
1779735870074
1779735870572
1779735871054
1779735871602
1779735872095
1779735872602
1779735873089
1779735873589
1779735874058
1779735874561
1779735875104
1779735875600
1779735876281
1779735876761
1779735877187
1779735877666
1779735878237
1779735878751
1779735879220
1779735879676
1779735880058
1779735880596
1779735881042
1779735881561
1779735882044
1779735882580
1779735882992
1779735883497
1779735884017
1779735884532
1779735884951
1779735885412
1779735886244
1779735887004
1779735887601
1779735888085
1779735888666
1779735889186
1779735889688
1779735890219
1779735890785
1779735891383
1779735892069
1779735892599
1779735893088
1779735893717
1779735894219
1779735894797
1779735895369
1779735895808
1779735896382
1779735896990
1779735897595
1779735898160
1779735898779
1779735899282
1779735899871
1779735900502
1779735901074
1779735901669
1779735902262
1779735902852
1779735903503
1779735904131
1779735904688
1779735905288
1779735905804
1779735906317
1779735906977
1779735907502
1779735909096
1779735909688
1779735910238
1779735910874
1779735911438
1779735911929
1779735912519
1779735913224
1779735913820
1779735914321
1779735915177
1779735916000
1779735916511
1779735917197
1779735917851
1779735918500
1779735919220
1779735920019
1779735920685
1779735921333
1779735922001
1779735922650
1779735923127
1779735923650
1779735924334
1779735924951
1779735925632
1779735929799
1779735930430
1779735931033
1779735931623
1779735932279
1779735932897
1779735933494
1779735934150
1779735934865
1779735935450
1779735936129
1779735936948
1779735937631
1779735938410
1779735938983
1779735939496
1779735939964
1779735940492
1779735941017
1779735941545
1779735942094
1779735942739
1779735943227
1779735943866
1779735944421
1779735945110
1779735946080
1779735946830
1779735947465
1779735948122
1779735948777
1779735949559
1779735952266
1779735954006
1779735954896
1779735955582
1779735956524
1779735957291
1779735957961
1779735958809
1779735959676
1779735960523
1779735961143
1779735961794
1779735962501
1779735963174
1779735963981
1779735964675
1779735965239
1779735965960
1779735966456
1779735967006
1779735967598
1779735968082
1779735968663
1779735969164
1779735969724
1779735970349
1779735971024
1779735971531
1779735972027
1779735972698
1779735973192
1779735973954
1779735975672
1779735976259
1779735977161
1779735978212
1779735979074
1779735979613
1779735980207
1779735980834
1779735981646
1779735982789
1779735983903
1779735984695
1779735985922
1779735986978
1779735987859
1779735989038
1779735990028
1779735990995
1779735991869
1779735993093
1779735993812
1779735994771
1779735995686
1779735996365
1779735997065
1779735997744
1779735998592
1779735999587
1779736000699
1779736001734
1779736002878
1779736003723
1779736004431
1779736005257
1779736006238
1779736007132
1779736012058
1779736013044
1779736014270
1779736015744
1779736016816
1779736017691
1779736018558
1779736019420
1779736020630
1779736021516
1779736022368
1779736023241
1779736024082
1779736025165
1779736026583
1779736027670
1779736028900
1779736030008
1779736031121
1779736032005
1779736032973
1779736033849
1779736034841
1779736035922
1779736036868
1779736037866
1779736038850
1779736039906
1779736040466
1779736040984
1779736042053
1779736042603
1779736043087
1779736043660
1779736044204
1779736044867
1779736045384
1779736045853
1779736046418
1779736047037
1779736047641
1779736048686
1779736049431
1779736050061
1779736051205
1779736051916
1779736052481
1779736053296
1779736054186
1779736054789
1779736055355
1779736056126
1779736056798
1779736057373
1779736057962
1779736058416
1779736058999
1779736059866
1779736060590
1779736061256
1779736061963
1779736062571
1779736063198
1779736063768
1779736064614
1779736065278
1779736065967
1779736066955
1779736067700
1779736068920
1779736069568
1779736070202
1779736070935
1779736071533
1779736072145
1779736072803
1779736073346
1779736073898
1779736074569
1779736075145
1779736075818
1779736076577
1779736077192
1779736077774
1779736078285
1779736078820
1779736079327
1779736079913
1779736080812
1779736081461
1779736082178
1779736082793
1779736083484
1779736084232
1779736084985
1779736085543
1779736086251
1779736087385
1779736088244
1779736088895
1779736093149
1779736093721
1779736094326
1779736094975
1779736095482
1779736096131
1779736096649
1779736097243
1779736097806
1779736098916
1779736099649
1779736100342
1779736100997
1779736101695
1779736102483
1779736103700
1779736104364
1779736105088
1779736105828
1779736106399
1779736106942
1779736107521
1779736108151
1779736108806
1779736109359
1779736110744
1779736111635
1779736112939
1779736113748
1779736114744
1779736115698
1779736116439
1779736117255
1779736118747
1779736120757
1779736121665
1779736122629
1779736123725
1779736124741
1779736126494
1779736127445
1779736128694
1779736129785
1779736130851
1779736132808
1779736133908
1779736134968
1779736135911
1779736137038
1779736138256
1779736139162
1779736140258
1779736141128
1779736142455
1779736143277
1779736145043
1779736145834
1779736146860
1779736147723
1779736148489
1779736149310
1779736150676
1779736151794
1779736152494
1779736153260
1779736153995
1779736154702
1779736155855
1779736156667
1779736157252
1779736157902
1779736158544
1779736159237
1779736160059
1779736161354
1779736162103
1779736162783
1779736163391
1779736164177
1779736164926
1779736166123
1779736166759
1779736167432
1779736168138
1779736168936
1779736169653
1779736170732
1779736171505
1779736172284
1779736172939
1779736173586
1779736174658
1779736175710
1779736176406
1779736176952
1779736177554
1779736178148
1779736178684
1779736179241
1779736180299
1779736184789
1779736185498
1779736186131
1779736186765
1779736187588
1779736188232
1779736188917
1779736190256
1779736190966
1779736191656
1779736192383
1779736192969
1779736193573
1779736194791
1779736195641
1779736196506
1779736197338
1779736198055
1779736199118
1779736199938
1779736200530
1779736201179
1779736201750
1779736202415
1779736203119
1779736204197
1779736204933
1779736205720
1779736206507
1779736207211
1779736207907
1779736208998
1779736209853
1779736210636
1779736211449
1779736212077
1779736212735
1779736213569
1779736214901
1779736215688
1779736216429
1779736217067
1779736217704
1779736218751
1779736219681
1779736220360
1779736221072
1779736221764
1779736222378
1779736223048
1779736224364
1779736225002
1779736225650
1779736226286
1779736227121
1779736227769
1779736228776
1779736229559
1779736230182
1779736230903
1779736231703
1779736232435
1779736233355
1779736234131
1779736234726
1779736235365
1779736236143
1779736236777
1779736237469
1779736238613
1779736239311
1779736239965
1779736240578
1779736241286
1779736241931
1779736243042
1779736243748
1779736244497
1779736245265
1779736245981
1779736246597
1779736272225
1779736273294
1779736273971
1779736274605
1779736275322
1779736276122
1779736276931
1779736278392
1779736279116
1779736279980
1779736280742
1779736281453
1779736282277
1779736283165
1779736284025
1779736284843
1779736285605
1779736286125
1779736286892
1779736290723
1779736291585
1779736292112
1779736292914
1779736293913
1779736294744
1779736296292
1779736297713
1779736298830
1779736299810
1779736300843
1779736301922
1779736302974
1779736303930
1779736304854
1779736306676
1779736307893
1779736308960
1779736310087
1779736310908
1779736311856
1779736313185
1779736314056
1779736314862
1779736315611
1779736316390
1779736317193
1779736317995
1779736318693
1779736319424
1779736320225
1779736320990
1779736321725
1779736322577
1779736323394
1779736324278
1779736325641
1779736326425
1779736327307
1779736328128
1779736329088
1779736329939
1779736330661
1779736331509
1779736332288
1779736333069
1779736334159
1779736335123
1779736336684
1779736337447
1779736338252
1779736338977
1779736339976
1779736341509
1779736343160
1779736344258
1779736345387
1779736346425
1779736347802
1779736349158
1779736350421
1779736351425
1779736352242
1779736353287
1779736354251
1779736355131
1779736356001
1779736357057
1779736358348
1779736359785
1779736360586
1779736361537
1779736362707
1779736363773
1779736364590
1779736365458
1779736366375
1779736367064
1779736367781
1779736368413
1779736369738
1779736370472
1779736371288
1779736372070
1779736373033
1779736373797
1779736374501
1779736375157
1779736376031
1779736376912
1779736377953
1779736378684
1779736379887
1779736381194
1779736382170
1779736383199
1779736384018
1779736384784
1779736385471
1779736386583
1779736392005
1779736392810
1779736393583
1779736394484
1779736395311
1779736396112
1779736396808
1779736397511
1779736398383
1779736399334
1779736400914
1779736401910
1779736402694
1779736403495
1779736404199
1779736404929
1779736405583
1779736406350
1779736407131
1779736407913
1779736408594
1779736409364
1779736410146
1779736410760
1779736411531
1779736412357
1779736412928
1779736413528
1779736414245
1779736414846
1779736415713
1779736416710
1779736417316
1779736417962
1779736418510
1779736419264
1779736420016
1779736420782
1779736421491
1779736422211
1779736422977
1779736423670
1779736424421
1779736425215
1779736426249
1779736427042
1779736427729
1779736428357
1779736429232
1779736431998
1779736433089
1779736434328
1779736435493
1779736436409
1779736438764
1779736439728
1779736440624
1779736441430
1779736442461
1779736443403
1779736444374
1779736445259
1779736446122
1779736446941
1779736447827
1779736448574
1779736450022
1779736452029
1779736452858
1779736453630
1779736454393
1779736455419
1779736456309
1779736457159
1779736458079
1779736458962
1779736459811
1779736460472
1779736461190
1779736461838
1779736462448
1779736463072
1779736463663
1779736464259
1779736464977
1779736465561
1779736466070
1779736466718
1779736467424
1779736468057
1779736468822
1779736469828
1779736470535
1779736471188
1779736471909
1779736472555
1779736473139
1779736473773
1779736474316
1779736474939
1779736478458
1779736479043
1779736479617
1779736480094
1779736480665
1779736481184
1779736481748
1779736482235
1779736482707
1779736483164
1779736483656
1779736484187
1779736484783
1779736485176
1779736485673
1779736486129
1779736486658
1779736487148
1779736487654
1779736488166
1779736488725
1779736489242
1779736489779
1779736490653
1779736491328
1779736491924
1779736492447
1779736493064
1779736493623
1779736494106
1779736494658
1779736495141
1779736495674
1779736496145
1779736496678
1779736497164
1779736497643
1779736498167
1779736498694
1779736499211
1779736499758
1779736500223
1779736500726
1779736501220
1779736501812
1779736502332
1779736502845
1779736503323
1779736503872
1779736504473
1779736505081
1779736505983
1779736506649
1779736507268
1779736507872
1779736508419
1779736509101
1779736509658
1779736510169
1779736510847
1779736511443
1779736512073
1779736512583
1779736513127
1779736513755
1779736514369
1779736514912
1779736515358
1779736515799
1779736516159
1779736516534
1779736516972
1779736517464
1779736518001
1779736518523
1779736519011
1779736519621
1779736520234
1779736520901
1779736521601
1779736522315
1779736522913
1779736523390
1779736523937
1779736524467
1779736525025
1779736525563
1779736526066
1779736526597
1779736527253
1779736528009
1779736528664
1779736529170
1779736529820
1779736530388
1779736531244
1779736531707
1779736532204
1779736532767
1779736533348
1779736536906
1779736537467
1779736538086
1779736538703
1779736539262
1779736539926
1779736540593
1779736541250
1779736541825
1779736542462
1779736543231
1779736544328
1779736545428
1779736546704
1779736547135
1779736547593
1779736548095
1779736548746
1779736549286
1779736550130
1779736550825
1779736551217
1779736552078
1779736552646
1779736553171
1779736553712
1779736554200
1779736554752
1779736555282
1779736555915
1779736556475
1779736557356
1779736557916
1779736558423
1779736558959
1779736559467
1779736559955
1779736560415
1779736560975
1779736561396
1779736561804
1779736562227
1779736562732
1779736563111
1779736563520
1779736563925
1779736564336
1779736564754
1779736565206
1779736565700
1779736566191
1779736566689
1779736567044
1779736567466
1779736567902
1779736568357
1779736568755
1779736569184
1779736569603
1779736570060
1779736570465
1779736570908
1779736571371
1779736571902
1779736572466
1779736572975
1779736573474
1779736573954
1779736574433
1779736574955
1779736575429
1779736575953
1779736576419
1779736576944
1779736577429
1779736577945
1779736578432
1779736578936
1779736579481
1779736580472
1779736581149
1779736581749
1779736582277
1779736582978
1779736583845
1779736584344
1779736584831
1779736585332
1779736585908
1779736586534
1779736587209
1779736587726
1779736588181
1779736588818
1779736589398
1779736590058
1779736590577
1779736590983
1779736591540
1779736592108
1779736595492
1779736596008
1779736596751
1779736597344
1779736598099
1779736598643
1779736599188
1779736600258
1779736600960
1779736601520
1779736602138
1779736602738
1779736603244
1779736603899
1779736604482
1779736605179
1779736605837
1779736606424
1779736607055
1779736607594
1779736608461
1779736609107
1779736609732
1779736610312
1779736610955
1779736611527
1779736612096
1779736612616
1779736613154
1779736613787
1779736614376
1779736615119
1779736615905
1779736616368
1779736616873
1779736617457
1779736617913
1779736618417
1779736618947
1779736619480
1779736620090
1779736620704
1779736621280
1779736621819
1779736622278
1779736622856
1779736623335
1779736623870
1779736624348
1779736624929
1779736625422
1779736625961
1779736626452
1779736626989
1779736627500
1779736628028
1779736628534
1779736629074
1779736629588
1779736630075
1779736630609
1779736631085
1779736631601
1779736632128
1779736632642
1779736633170
1779736633678
1779736634210
1779736634725
1779736635267
1779736635791
1779736636320
1779736636861
1779736637325
1779736637832
1779736638354
1779736638869
1779736639370
1779736639859
1779736640364
1779736640898
1779736641427
1779736641986
1779736642456
1779736642955
1779736643471
1779736643997
1779736644494
1779736645028
1779736645563
1779736646100
1779736646671
1779736647201
1779736647732
1779736648163
1779736648716
1779736649290
1779736649814
1779736650306
1779736650855
1779736653967
1779736654462
1779736654967
1779736655460
1779736655971
1779736656481
1779736657017
1779736657525
1779736658067
1779736658600
1779736659117
1779736659662
1779736660208
1779736660727
1779736661259
1779736661773
1779736662268
1779736662805
1779736663322
1779736663863
1779736664403
1779736664967
1779736665476
1779736665984
1779736666486
1779736667005
1779736667539
1779736668078
1779736668609
1779736669137
1779736669676
1779736670152
1779736670648
1779736671169
1779736671701
1779736672195
1779736672693
1779736673197
1779736673702
1779736674205
1779736674701
1779736675211
1779736675732
1779736676236
1779736676758
1779736677290
1779736677815
1779736678351
1779736678871
1779736679431
1779736679969
1779736680515
1779736681043
1779736681609
1779736682101
1779736682649
1779736683146
1779736683670
1779736684185
1779736684732
1779736685253
1779736685764
1779736686304
1779736686845
1779736687336
1779736687827
1779736688366
1779736688884
1779736689371
1779736689890
1779736690382
1779736690903
1779736691409
1779736691970
1779736692505
1779736693772
1779736694672
1779736695178
1779736695814
1779736696336
1779736696877
1779736697421
1779736697911
1779736698436
1779736699357
1779736699863
1779736700353
1779736700959
1779736701537
1779736702191
1779736703498
1779736704994
1779736705467
1779736705951
1779736707596
1779736708445
1779736709936
1779736711068
1779736711615
1779736712227
1779736715605
1779736716195
1779736716860
1779736717365
1779736718052
1779736718693
1779736719359
1779736720192
1779736721081
1779736721625
1779736722308
1779736723203
1779736724164
1779736724860
1779736725275
1779736725733
1779736726242
1779736726760
1779736727385
1779736727956
1779736728529
1779736729195
1779736729828
1779736730468
1779736731051
1779736731660
1779736732277
1779736732864
1779736733409
1779736733892
1779736734426
1779736734963
1779736735471
1779736736035
1779736736681
1779736737399
1779736738100
1779736738762
1779736739382
1779736740055
1779736740723
1779736741289
1779736741876
1779736742532
1779736743102
1779736743706
1779736744277
1779736744963
1779736745597
1779736746201
1779736746859
1779736747512
1779736748257
1779736748893
1779736749474
1779736750098
1779736750824
1779736751405
1779736752094
1779736752766
1779736753353
1779736753970
1779736754453
1779736754894
1779736755521
1779736756086
1779736756740
1779736757312
1779736757901
1779736758426
1779736759266
1779736759815
1779736760378
1779736760826
1779736761304
1779736762001
1779736762696
1779736763334
1779736764001
1779736765050
1779736765505
1779736765918
1779736766299
1779736766906
1779736767570
1779736768156
1779736768843
1779736769331
1779736769847
1779736770383
1779736770976
1779736771553
1779736772132
1779736772720
1779736773419
1779736773995
1779736774536
1779736775123
1779736775699
1779736776291
1779736780579
1779736781204
1779736781888
1779736782334
1779736782929
1779736783616
1779736784198
1779736784660
1779736785145
1779736785642
1779736786073
1779736786524
1779736786918
1779736787399
1779736788137
1779736788711
1779736789262
1779736789789
1779736790304
1779736790948
1779736791539
1779736792094
1779736792657
1779736793210
1779736793792
1779736794264
1779736794940
1779736795585
1779736796085
1779736796634
1779736797128
1779736797756
1779736798414
1779736799025
1779736799619
1779736800214
1779736800890
1779736801541
1779736802080
1779736802834
1779736803389
1779736803960
1779736804455
1779736805053
1779736805645
1779736806194
1779736806770
1779736807281
1779736807896
1779736808366
1779736808967
1779736809476
1779736810114
1779736810721
1779736811411
1779736812034
1779736812590
1779736813027
1779736813452
1779736813888
1779736814286
1779736814731
1779736815183
1779736815856
1779736816417
1779736817039
1779736817809
1779736818327
1779736818900
1779736819437
1779736820050
1779736820629
1779736821189
1779736821739
1779736822340
1779736822943
1779736823607
1779736824463
1779736825118
1779736825640
1779736826289
1779736826881
1779736827367
1779736827854
1779736828296
1779736829080
1779736829672
1779736830370
1779736831075
1779736831725
1779736832414
1779736833089
1779736833973
1779736834673
1779736835342
1779736836146
1779736836883
1779736837567
1779736838216
1779736839056
1779736843513
1779736844313
1779736845072
1779736845732
1779736846571
1779736847468
1779736848044
1779736848614
1779736849307
1779736850136
1779736850901
1779736851621
1779736852323
1779736853035
1779736853670
1779736854150
1779736854817
1779736855462
1779736856119
1779736856822
1779736857607
1779736858383
1779736858902
1779736859538
1779736860095
1779736860757
1779736861311
1779736861861
1779736862519
1779736863185
1779736863884
1779736864464
1779736865151
1779736865809
1779736866347
1779736867016
1779736867669
1779736868321
1779736868882
1779736869413
1779736870010
1779736870574
1779736871013
1779736871529
1779736872080
1779736872700
1779736873321
1779736874013
1779736874780
1779736875390
1779736876090
1779736876733
1779736877475
1779736878182
1779736878735
1779736879248
1779736879774
1779736880331
1779736880953
1779736881349
1779736881837
1779736882326
1779736882916
1779736883472
1779736884045
1779736884653
1779736885193
1779736885818
1779736886377
1779736886961
1779736887555
1779736888167
1779736888763
1779736889347
1779736889927
1779736890503
1779736891149
1779736891642
1779736892201
1779736892796
1779736893340
1779736893901
1779736894401
1779736894978
1779736895577
1779736896191
1779736896798
1779736897318
1779736897899
1779736898421
1779736899013
1779736899612
1779736900199
1779736900764
1779736901307
1779736901870
1779736902432
1779736903077
1779736903640
1779736904278
1779736907943
1779736908673
1779736909374
1779736910075
1779736910771
1779736911406
1779736912070
1779736912827
1779736913337
1779736913909
1779736914291
1779736914929
1779736915560
1779736916120
1779736916773
1779736917341
1779736917957
1779736918491
1779736919123
1779736919787
1779736920393
1779736921137
1779736921795
1779736922515
1779736923208
1779736923815
1779736924420
1779736925001
1779736925681
1779736926363
1779736927063
1779736927814
1779736928430
1779736929154
1779736929830
1779736930507
1779736931174
1779736931957
1779736932641
1779736933323
1779736934005
1779736934775
1779736935397
1779736936164
1779736936660
1779736937205
1779736937844
1779736938387
1779736939013
1779736939653
1779736940270
1779736940874
1779736941456
1779736942060
1779736942590
1779736943126
1779736943839
1779736944427
1779736945098
1779736945787
1779736946613
1779736947373
1779736948069
1779736948808
1779736949377
1779736950066
1779736950829
1779736951541
1779736952309
1779736952911
1779736953605
1779736954082
1779736954737
1779736955294
1779736955922
1779736956497
1779736957060
1779736957635
1779736958152
1779736958752
1779736959296
1779736959996
1779736960723
1779736961462
1779736961980
1779736962610
1779736963197
1779736963776
1779736964409
1779736965058
1779736965705
1779736966191
1779736966784
1779736967453
1779736967976
1779736968626
1779736969374
1779736969905
1779736970485
1779736971186
1779736975030
1779736975605
1779736976136
1779736976684
1779736977177
1779736977721
1779736978237
1779736978886
1779736979502
1779736980094
1779736980666
1779736981450
1779736982023
1779736982710
1779736983254
1779736983798
1779736984450
1779736984988
1779736985516
1779736986085
1779736986625
1779736987116
1779736987806
1779736988427
1779736989073
1779736989710
1779736990268
1779736990873
1779736991418
1779736991991
1779736992563
1779736993141
1779736993823
1779736994553
1779736995062
1779736995707
1779736996348
1779736996950
1779736997611
1779736998485
1779736999174
1779736999783
1779737000403
1779737000976
1779737001724
1779737002347
1779737002975
1779737003607
1779737004481
1779737004986
1779737005433
1779737005919
1779737006653
1779737007184
1779737007778
1779737008359
1779737008949
1779737009579
1779737010283
1779737011099
1779737011778
1779737012277
1779737013020
1779737013641
1779737014273
1779737014989
1779737015613
1779737016171
1779737016693
1779737017306
1779737017937
1779737018576
1779737019200
1779737020118
1779737020665
1779737021259
1779737021860
1779737022510
1779737023143
1779737023779
1779737024437
1779737025189
1779737025832
1779737026465
1779737027067
1779737027753
1779737028289
1779737028957
1779737029552
1779737030119
1779737030722
1779737031344
1779737031968
1779737032587
1779737033248
1779737033788
1779737034361
1779737035000
1779737035819
1779737036494
1779737040130
1779737040798
1779737041466
1779737042056
1779737042623
1779737043162
1779737043776
1779737044437
1779737045063
1779737045683
1779737046208
1779737047019
1779737047508
1779737048029
1779737048662
1779737049259
1779737049827
1779737050385
1779737051014
1779737051611
1779737052171
1779737052849
1779737053449
1779737054115
1779737054678
1779737055324
1779737056068
1779737056752
1779737057347
1779737057974
1779737058594
1779737059230
1779737059846
1779737060339
1779737061061
1779737061728
1779737062414
1779737063051
1779737063660
1779737064266
1779737064962
1779737065464
1779737066166
1779737066831
1779737067467
1779737068228
1779737069101
1779737069623
1779737070147
1779737070845
1779737071428
1779737071981
1779737072725
1779737073383
1779737073995
1779737074700
1779737075224
1779737075726
1779737076223
1779737076704
1779737077182
1779737077591
1779737078088
1779737078560
1779737079099
1779737079660
1779737080158
1779737080638
1779737081113
1779737081686
1779737082138
1779737082584
1779737083123
1779737083648
1779737084203
1779737084793
1779737085404
1779737086078
1779737086641
1779737087208
1779737087723
1779737088107
1779737088521
1779737088969
1779737089380
1779737089795
1779737090199
1779737090893
1779737091323
1779737091842
1779737092436
1779737092996
1779737093538
1779737094056
1779737094594
1779737095098
1779737095675
1779737096232
1779737096830
1779737097373
1779737100688
1779737101263
1779737101813
1779737102348
1779737102884
1779737103426
1779737104004
1779737104525
1779737105047
1779737105546
1779737106052
1779737106616
1779737107164
1779737107747
1779737108277
1779737108825
1779737109346
1779737109967
1779737110516
1779737111095
1779737111646
1779737112193
1779737112886
1779737113411
1779737113918
1779737114442
1779737115037
1779737115596
1779737116156
1779737116749
1779737117266
1779737117819
1779737118317
1779737118925
1779737119461
1779737120114
1779737120748
1779737121247
1779737121774
1779737122629
1779737123207
1779737123867
1779737124523
1779737125082
1779737126222
1779737127187
1779737127936
1779737128371
1779737128882
1779737129395
1779737129887
1779737130393
1779737130957
1779737131511
1779737132095
1779737132611
1779737133178
1779737133699
1779737134194
1779737134697
1779737135144
1779737135655
1779737136142
1779737136658
1779737137248
1779737137776
1779737138317
1779737138861
1779737139368
1779737139856
1779737140340
1779737140907
1779737141395
1779737141915
1779737142395
1779737142976
1779737143489
1779737144035
1779737144628
1779737145126
1779737145662
1779737146178
1779737146698
1779737147231
1779737147759
1779737148242
1779737148779
1779737149279
1779737149776
1779737150261
1779737150752
1779737151237
1779737151748
1779737152186
1779737152709
1779737153292
1779737153808
1779737154208
1779737154727
1779737155196
1779737158437
1779737159035
1779737159558
1779737160058
1779737160558
1779737161033
1779737161686
1779737162258
1779737162798
1779737163368
1779737164128
1779737164680
1779737165290
1779737165792
1779737166376
1779737166875
1779737167500
1779737168026
1779737169198
1779737169689
1779737170159
1779737170697
1779737171351
1779737172217
1779737173234
1779737174195
1779737174946
1779737175888
1779737176470
1779737177165
1779737177750
1779737178255
1779737178818
1779737179364
1779737179890
1779737180457
1779737181091
1779737181623
1779737182071
1779737182773
1779737183358
1779737183945
1779737184512
1779737185136
1779737185771
1779737186371
1779737187022
1779737187690
1779737188301
1779737188933
1779737189518
1779737190189
1779737190934
1779737191689
1779737192544
1779737193279
1779737193913
1779737194530
1779737195181
1779737195851
1779737197010
1779737197631
1779737198185
1779737198789
1779737199398
1779737199993
1779737200528
1779737201128
1779737201701
1779737202235
1779737202926
1779737203498
1779737204070
1779737205515
1779737206160
1779737206753
1779737207471
1779737207999
1779737208536
1779737209057
1779737209567
1779737210079
1779737210759
1779737211394
1779737212022
1779737213132
1779737213811
1779737214341
1779737214997
1779737215486
1779737216120
1779737216746
1779737217258
1779737217876
1779737218443
1779737219042
1779737219680
1779737220227
1779737220849
1779737221349
1779737224764
1779737225377
1779737226100
1779737226849
1779737227374
1779737228283
1779737228922
1779737229651
1779737230603
1779737231277
1779737231864
1779737232349
1779737232959
1779737233510
1779737234285
1779737234739
1779737235612
1779737236964
1779737237520
1779737238111
1779737238669
1779737239257
1779737239817
1779737240473
1779737241180
1779737242107
1779737244004
1779737244648
1779737245183
1779737245875
1779737246529
1779737247129
1779737247692
1779737248303
1779737248820
1779737249343
1779737249955
1779737250493
1779737251099
1779737251677
1779737252345
1779737252962
1779737253537
1779737254346
1779737254957
1779737255542
1779737256184
1779737256710
1779737257277
1779737257897
1779737258438
1779737259075
1779737259689
1779737260355
1779737260973
1779737261652
1779737262278
1779737262895
1779737263611
1779737264313
1779737264938
1779737265522
1779737266060
1779737266510
1779737267022
1779737267554
1779737268113
1779737268709
1779737269255
1779737269825
1779737270411
1779737270985
1779737271563
1779737272104
1779737272701
1779737273353
1779737273879
1779737274391
1779737275061
1779737275680
1779737276256
1779737276840
1779737277427
1779737277996
1779737278527
1779737279125
1779737279671
1779737280275
1779737280865
1779737281407
1779737281977
1779737282491
1779737283125
1779737283795
1779737284303
1779737285163
1779737287040
1779737287651
1779737288256
1779737288877
1779737293627
1779737294607
1779737295279
1779737295970
1779737296495
1779737297248
1779737297989
1779737298590
1779737299249
1779737299912
1779737300515
1779737301120
1779737301774
1779737302367
1779737302952
1779737303509
1779737304074
1779737304585
1779737305053
1779737305689
1779737306500
1779737307890
1779737308711
1779737309453
1779737310149
1779737310813
1779737311442
1779737312233
1779737313661
1779737315387
1779737317418
1779737318151
1779737318929
1779737319507
1779737320384
1779737321166
1779737321976
1779737322645
1779737323342
1779737323955
1779737324535
1779737325146
1779737325962
1779737326548
1779737327203
1779737328034
1779737328702
1779737329300
1779737329919
1779737330412
1779737331047
1779737331698
1779737332185
1779737332807
1779737333357
1779737333915
1779737334434
1779737335218
1779737335782
1779737336334
1779737336975
1779737337598
1779737338169
1779737338785
1779737339279
1779737339902
1779737340495
1779737341155
1779737341816
1779737342418
1779737342977
1779737343537
1779737344056
1779737344647
1779737345190
1779737345799
1779737346354
1779737346922
1779737347440
1779737348034
1779737348549
1779737349107
1779737349739
1779737350201
1779737350752
1779737351173
1779737351771
1779737352347
1779737352931
1779737353488
1779737354069
1779737354648
1779737355135
1779737355781
1779737356293
1779737356905
1779737357515
1779737358035
1779737358652
1779737359174
1779737362669
1779737363260
1779737363832
1779737364362
1779737364897
1779737365417
1779737365887
1779737366386
1779737367002
1779737367607
1779737368208
1779737368847
1779737369333
1779737369911
1779737370463
1779737371090
1779737371724
1779737372295
1779737372921
1779737373448
1779737374064
1779737374721
1779737375282
1779737375939
1779737376503
1779737377102
1779737377766
1779737378233
1779737378827
1779737379298
1779737379918
1779737380502
1779737381082
1779737381681
1779737382216
1779737382858
1779737383351
1779737383926
1779737384477
1779737385029
1779737385612
1779737386110
1779737386733
1779737387277
1779737387767
1779737388246
1779737388756
1779737389216
1779737389679
1779737390178
1779737390655
1779737391531
1779737392164
1779737392823
1779737393380
1779737393987
1779737394629
1779737395259
1779737395975
1779737396590
1779737397205
1779737397830
1779737398430
1779737399042
1779737399651
1779737400182
1779737400815
1779737401421
1779737402079
1779737402595
1779737403163
1779737403797
1779737404374
1779737404942
1779737405481
1779737406180
1779737406793
1779737407337
1779737407957
1779737408689
1779737409309
1779737410470
1779737410974
1779737411473
1779737412050
1779737412614
1779737413168
1779737413774
1779737414289
1779737414885
1779737415420
1779737416011
1779737416586
1779737417187
1779737417729
1779737418284
1779737418879
1779737419476
1779737420098
1779737420681
1779737424535
1779737425088
1779737425599
1779737426142
1779737426758
1779737427304
1779737427862
1779737428405
1779737429060
1779737429607
1779737430114
1779737430767
1779737431261
1779737431768
1779737432264
1779737432882
1779737433468
1779737434023
1779737434601
1779737435168
1779737435777
1779737436302
1779737436866
1779737437406
1779737438015
1779737438589
1779737439121
1779737439737
1779737440252
1779737440872
1779737441336
1779737441937
1779737442488
1779737443104
1779737443604
1779737444198
1779737444851
1779737445419
1779737446055
1779737446580
1779737447164
1779737447788
1779737448347
1779737448923
1779737449357
1779737449876
1779737450468
1779737451098
1779737451601
1779737452174
1779737452776
1779737453333
1779737453907
1779737454320
1779737454865
1779737455378
1779737455991
1779737456588
1779737457201
1779737457783
1779737458365
1779737458904
1779737459435
1779737459996
1779737460532
1779737461184
1779737461862
1779737462280
1779737462911
1779737463469
1779737464064
1779737464662
1779737465233
1779737465881
1779737466480
1779737467146
1779737467647
1779737468239
1779737468838
1779737469377
1779737469981
1779737470547
1779737471182
1779737471827
1779737472366
1779737472965
1779737473473
1779737474076
1779737474698
1779737475343
1779737475900
1779737476452
1779737476972
1779737477404
1779737477844
1779737478367
1779737478861
1779737479358
1779737479787
1779737480338
1779737483704
1779737484254
1779737484794
1779737485369
1779737486000
1779737486533
1779737487100
1779737487705
1779737488311
1779737488895
1779737489334
1779737489903
1779737490337
1779737490917
1779737491337
1779737491877
1779737492413
1779737493033
1779737493983
1779737494487
1779737495102
1779737495659
1779737496235
1779737496850
1779737497384
1779737497984
1779737498549
1779737499217
1779737499910
1779737500478
1779737500972
1779737501491
1779737502043
1779737502669
1779737503216
1779737503811
1779737504363
1779737504933
1779737505496
1779737506102
1779737506708
1779737507219
1779737507885
1779737508418
1779737509009
1779737509527
1779737510063
1779737510636
1779737511219
1779737511722
1779737512253
1779737512866
1779737513415
1779737513984
1779737514486
1779737515078
1779737515608
1779737516159
1779737516889
1779737517462
1779737518048
1779737518605
1779737519172
1779737519677
1779737520189
1779737520763
1779737521300
1779737521816
1779737522406
1779737522916
1779737523468
1779737524059
1779737524642
1779737525274
1779737525852
1779737526383
1779737526937
1779737527471
1779737528058
1779737528708
1779737529241
1779737529759
1779737530288
1779737530833
1779737531391
1779737531926
1779737532479
1779737533045
1779737533619
1779737534157
1779737534709
1779737535237
1779737535767
1779737536276
1779737536802
1779737537338
1779737537843
1779737538373
1779737538879
1779737539401
1779737542575
1779737543118
1779737543673
1779737544175
1779737544750
1779737545284
1779737545743
1779737546292
1779737546855
1779737547379
1779737547947
1779737548469
1779737549004
1779737549607
1779737550120
1779737550705
1779737551160
1779737551701
1779737552211
1779737552795
1779737553297
1779737553823
1779737554314
1779737554850
1779737555378
1779737555948
1779737556481
1779737557032
1779737557633
1779737558119
1779737558661
1779737559175
1779737559725
1779737560209
1779737560778
1779737561279
1779737561816
1779737562333
1779737562839
1779737563316
1779737563840
1779737564364
1779737564892
1779737565398
1779737565954
1779737566517
1779737567073
1779737567629
1779737568161
1779737568735
1779737569244
1779737569782
1779737570303
1779737570886
1779737571382
1779737571892
1779737572419
1779737572966
1779737573542
1779737574043
1779737574564
1779737575089
1779737575672
1779737576214
1779737576784
1779737577326
1779737577791
1779737578316
1779737578925
1779737579438
1779737579939
1779737580457
1779737580997
1779737581535
1779737582262
1779737582790
1779737583315
1779737583892
1779737584368
1779737584902
1779737585428
1779737585990
1779737586510
1779737587046
1779737587562
1779737588047
1779737588580
1779737589121
1779737589661
1779737590209
1779737590687
1779737591210
1779737591728
1779737592233
1779737592794
1779737593269
1779737593815
1779737594391
1779737594944
1779737595473
1779737598426
1779737598987
1779737599521
1779737600012
1779737600550
1779737601043
1779737601597
1779737602115
1779737602662
1779737603172
1779737603740
1779737604250
1779737604834
1779737605336
1779737605877
1779737606320
1779737606875
1779737607355
1779737607872
1779737608380
1779737608906
1779737609456
1779737610063
1779737610607
1779737611133
1779737611677
1779737612152
1779737612693
1779737613232
1779737613779
1779737614258
1779737614828
1779737615351
1779737615893
1779737616389
1779737616925
1779737617436
1779737617983
1779737618375
1779737618914
1779737619446
1779737619933
1779737620456
1779737621012
1779737621538
1779737622100
1779737622644
1779737623173
1779737623680
1779737624151
1779737624691
1779737625173
1779737625705
1779737626200
1779737626700
1779737627253
1779737627820
1779737628366
1779737628900
1779737629425
1779737629970
1779737630496
1779737631025
1779737631543
1779737632037
1779737632565
1779737633076
1779737633614
1779737634067
1779737634613
1779737635115
1779737635640
1779737636200
1779737636745
1779737637247
1779737637768
1779737638253
1779737638751
1779737639265
1779737639813
1779737640294
1779737640825
1779737641357
1779737641902
1779737642441
1779737643019
1779737643551
1779737644062
1779737644633
1779737645345
1779737645853
1779737646402
1779737646943
1779737647454
1779737647979
1779737648445
1779737649011
1779737649530
1779737650030
1779737650550
1779737653474
1779737654006
1779737654546
1779737655059
1779737655565
1779737656112
1779737656594
1779737657129
1779737657642
1779737658153
1779737658683
1779737659206
1779737659720
1779737660106
1779737660596
1779737661127
1779737661529
1779737662100
1779737662547
1779737664128
1779737665620
1779737666231
1779737666730
1779737667432
1779737668121
1779737668705
1779737669364
1779737669895
1779737670362
1779737670897
1779737671324
1779737671865
1779737672442
1779737672918
1779737673538
1779737674087
1779737674650
1779737675250
1779737675899
1779737676451
1779737677238
1779737677796
1779737678257
1779737678780
1779737679271
1779737679823
1779737680350
1779737680871
1779737681436
1779737681899
1779737682419
1779737682855
1779737683312
1779737683866
1779737684417
1779737684987
1779737685533
1779737686032
1779737686502
1779737687158
1779737687619
1779737688071
1779737688620
1779737689083
1779737689560
1779737690070
1779737690552
1779737691076
1779737691597
1779737692021
1779737692422
1779737692780
1779737693191
1779737693592
1779737693983
1779737694371
1779737694903
1779737695464
1779737696002
1779737696514
1779737697035
1779737697544
1779737698021
1779737698544
1779737699056
1779737699626
1779737700128
1779737700646
1779737701163
1779737701716
1779737702202
1779737702712
1779737703280
1779737703801
1779737704286
1779737704806
1779737705297
1779737705835
1779737706348
1779737706897
1779737709874
1779737710377
1779737710923
1779737711471
1779737712010
1779737712542
1779737713068
1779737713588
1779737714070
1779737714608
1779737715136
1779737715682
1779737716243
1779737716741
1779737717235
1779737717779
1779737718304
1779737718797
1779737719297
1779737719803
1779737720339
1779737720891
1779737721392
1779737721912
1779737722404
1779737722924
1779737723506
1779737769149
1779737769650
1779737770181
1779737770671
1779737771179
1779737771720
1779737772288
1779737772810
1779737773359
1779737773859
1779737774407
1779737774927
1779737775429
1779737775936
1779737776473
1779737776952
1779737777491
1779737777934
1779737778332
1779737778718
1779737779203
1779737779730
1779737780220
1779737780803
1779737781223
1779737781657
1779737782084
1779737782621
1779737783128
1779737783683
1779737784160
1779737784737
1779737785392
1779737785858
1779737786341
1779737786835
1779737787330
1779737787912
1779737788401
1779737788910
1779737789435
1779737789990
1779737790533
1779737791059
1779737791625
1779737792109
1779737792674
1779737793189
1779737793736
1779737794261
1779737794810
1779737795330
1779737795847
1779737796358
1779737796885
1779737797382
1779737797971
1779737798442
1779737798956
1779737799432
1779737800011
1779737800562
1779737801034
1779737801585
1779737802102
1779737802614
1779737803118
1779737803684
1779737804192
1779737804653
1779737805015
1779737805555
1779737806047
1779737809031
1779737809586
1779737810089
1779737810649
1779737811171
1779737811724
1779737812248
1779737812814
1779737813279
1779737813861
1779737814295
1779737814848
1779737815356
1779737815882
1779737816402
1779737816911
1779737817417
1779737817946
1779737818448
1779737818962
1779737819491
1779737820079
1779737820617
1779737821142
1779737821646
1779737822131
1779737823718
1779737824452
1779737824865
1779737825288
1779748717150
1779748719053
1779748720537
1779748721284
1779748722282
1779748723436
1779748723975
1779748724456
1779748724966
1779748725394
1779748725817
1779748726315
1779748726785
1779748727298
1779748727789
1779748728318
1779748728765
1779748729197
1779748729737
1779748730155
1779748730640
1779748731102
1779748731563
1779748732085
1779748732541
1779748732997
1779748733528
1779748734001
1779748734473
1779748734911
1779748735338
1779748735767
1779748736251
1779748737041
1779748737506
1779748737899
1779748738296
1779748738725
1779748739127
1779748739571
1779748739974
1779748740352
1779748740756
1779748741141
1779748741574
1779748741998
1779748742413
1779748742859
1779748743300
1779748743787
1779748744188
1779748744608
1779748744996
1779748745389
1779748745835
1779748746214
1779748746624
1779748747047
1779748747448
1779748747854
1779748748307
1779748748722
1779748749109
1779748749519
1779748749905
1779748750285
1779748750696
1779748751093
1779748751529
1779748751942
1779748755179
1779748755621
1779748756051
1779748756548
1779748757007
1779748757473
1779748757857
1779748758247
1779748758705
1779748759106
1779748759512
1779748759885
1779748760231
1779748760574
1779748760857
1779748761137
1779748761430
1779748761696
1779748761971
1779748762264
1779748762553
1779748762836
1779748763119
1779748763405
1779748763660
1779748763942
1779748764206
1779748764487
1779748764756
1779748765026
1779748765308
1779748765597
1779748765878
1779748766162
1779748766455
1779748766758
1779748767104
1779748767498
1779748767854
1779748768202
1779748768551
1779748768888
1779748769230
1779748769605
1779748769963
1779748770295
1779748770651
1779748770963
1779748771258
1779748771572
1779748771840
1779748772128
1779748772408
1779748772671
1779748772948
1779748773228
1779748773497
1779748773779
1779748774211
1779748774583
1779748774941
1779748775334
1779748775659
1779748775942
1779748776250
1779748776614
1779748776941
1779748779382
1779748779677
1779748779951
1779748780273
1779748780571
1779748780829
1779748781114
1779748781447
1779748781750
1779748782064
1779748782394
1779748782700
1779748782991
1779748783326
1779748783633
1779748783920
1779748784181
1779748784478
1779748784765
1779748785041
1779748785348
1779748785615
1779748785909
1779748786200
1779748786493
1779748786780
1779748787064
1779748787385
1779748787692
1779748788015
1779748788346
1779748788631
1779748788906
1779748791089
1779748791345
1779748791595
1779748791821
1779748792057
1779748792315
1779748792566
1779748792816
1779748793049
1779748793315
1779748793553
1779748793825
1779748794092
1779748794358
1779748794625
1779748794895
1779748795170
1779748795456
1779748795732
1779748796027
1779748796319
1779748796591
1779748796874
1779748797145
1779748797444
1779748797716
1779748797989
1779748798261
1779748798543
1779748798810
1779748799091
1779748799386
1779748799662
1779748799941
1779748800214
1779748800494
1779748800772
1779748801041
1779748801331
1779748801604
1779748801883
1779748802166
1779748802461
1779748802744
1779748803023
1779748803311
1779748803602
1779748803897
1779748804254
1779748804615
1779748804913
1779748805300
1779748805833
1779748806329
1779748806876
1779748807377
1779748807935
1779748808465
1779748809093
1779748809633
1779748810159
1779748810749
1779748811321
1779748811852
1779748812404
1779748812966
1779748813464
1779748813962
1779748814448
1779748814960
1779748815451
1779748815946
1779748816431
1779748816944
1779748817455
1779748817973
1779748818469
1779748818974
1779748819449
1779748819997
1779748820526
1779748821065
1779748821610
1779748822103
1779748822642
1779748823166
1779748823706
1779748824234
1779748824779
1779748825285
1779748825835
1779748826345
1779748826872
1779748827393
1779748827941
1779748828483
1779748829012
1779748829558
1779748830069
1779748830569
1779748833852
1779748834439
1779748835003
1779748835571
1779748836102
1779748836633
1779748837124
1779748837636
1779748838165
1779748838711
1779748839222
1779748839783
1779748840281
1779748840793
1779748841330
1779748841857
1779748842379
1779748842927
1779748843462
1779748844021
1779748844588
1779748845119
1779748845667
1779748846209
1779748846733
1779748847236
1779748847783
1779748848283
1779748848839
1779748849365
1779748849875
1779748850405
1779748850948
1779748851508
1779748852062
1779748852580
1779748853091
1779748853628
1779748854175
1779748854751
1779748855269
1779748855836
1779748856298
1779748856797
1779748857323
1779748857838
1779748858357
1779748858860
1779748859363
1779748859916
1779748860460
1779748860982
1779748861480
1779748862033
1779748862602
1779748863115
1779748863682
1779748864216
1779748864733
1779748865192
1779748865753
1779748866278
1779748866785
1779748867324
1779748867878
1779748868410
1779748868959
1779748869449
1779748869985
1779748870517
1779748871054
1779748871620
1779748872120
1779748872679
1779748873218
1779748873744
1779748874247
1779748874797
1779748875321
1779748875872
1779748876397
1779748876950
1779748877508
1779748878064
1779748878610
1779748879106
1779748879674
1779748880209
1779748880717
1779748881246
1779748881796
1779748882288
1779748882906
1779748883332
1779748883867
1779748884318
1779748884832
1779748885342
1779748885886
1779748886406
1779748889948
1779748890521
1779748891088
1779748891649
1779748892185
1779748892724
1779748893214
1779748893760
1779748894302
1779748894815
1779748895332
1779748895895
1779748896424
1779748896963
1779748897500
1779748898050
1779748898623
1779748899137
1779748899666
1779748900190
1779748900751
1779748901293
1779748901842
1779748902406
1779748902959
1779748903479
1779748904022
1779748904583
1779748905106
1779748905643
1779748906154
1779748906729
1779748907262
1779748907790
1779748908332
1779748908903
1779748909441
1779748909974
1779748910519
1779748911046
1779748911586
1779748912079
1779748912601
1779748913113
1779748913669
1779748914192
1779748914750
1779748915285
1779748915838
1779748916324
1779748916846
1779748917321
1779748917865
1779748918379
1779748918936
1779748919479
1779748920044
1779748920594
1779748921118
1779748921667
1779748922201
1779748922742
1779748923264
1779748923829
1779748924354
1779748924913
1779748925439
1779748925993
1779748926463
1779748927005
1779748927557
1779748928098
1779748928641
1779748929177
1779748929728
1779748930259
1779748930807
1779748931338
1779748931848
1779748932403
1779748932976
1779748933509
1779748934070
1779748934583
1779748935121
1779748935666
1779748936207
1779748936752
1779748937268
1779748937803
1779748938298
1779748938852
1779748939388
1779748939927
1779748940455
1779748940972
1779748941506
1779748942048
1779748942593
1779748943104
1779748946669
1779748947227
1779748947774
1779748948287
1779748948834
1779748949377
1779748949929
1779748950443
1779748950989
1779748951518
1779748952056
1779748952601
1779748953114
1779748953659
1779748954180
1779748954729
1779748955269
1779748955749
1779748956309
1779748956868
1779748957367
1779748957912
1779748958435
1779748958964
1779748959501
1779748960057
1779748960584
1779748961127
1779748961676
1779748962219
1779748962767
1779748963308
1779748963957
1779748964538
1779748965062
1779748965629
1779748966169
1779748966742
1779748967251
1779748967812
1779748968320
1779748968858
1779748969392
1779748969902
1779748970424
1779748970967
1779748971489
1779748972014
1779748972537
1779748973047
1779748973590
1779748974134
1779748974652
1779748975195
1779748975743
1779748976272
1779748976829
1779748977355
1779748977923
1779748978404
1779748978960
1779748979446
1779748979993
1779748980539
1779748981086
1779748981650
1779748982144
1779748982667
1779748983195
1779748983746
1779748984274
1779748984817
1779748985359
1779748985916
1779748986424
1779748986976
1779748987477
1779748988042
1779748988571
1779748989095
1779748989637
1779748990175
1779748990718
1779748991229
1779748991761
1779748992306
1779748992848
1779748993354
1779748993924
1779748994466
1779748995035
1779748995661
1779748996189
1779748996739
1779748997259
1779748997809
1779748998352
1779748998912
1779748999477
1779749000051
1779749003257
1779749003877
1779749004408
1779749004971
1779749005542
1779749006129
1779749006679
1779749007216
1779749007799
1779749008341
1779749008932
1779749009456
1779749010022
1779749010538
1779749011063
1779749011622
1779749012155
1779749012690
1779749013209
1779749013734
1779749014254
1779749014823
1779749015348
1779749015881
1779749016366
1779749017202
1779749017987
1779749018506
1779749018962
1779749019405
1779749019882
1779749020318
1779749020738
1779749021159
1779749021587
1779749022065
1779749022527
1779749022980
1779749023457
1779749023943
1779749024370
1779749024942
1779749025393
1779749025881
1779749026367
1779749026827
1779749027316
1779749027802
1779749028251
1779749028771
1779749029275
1779749029774
1779749030258
1779749030738
1779749031194
1779749031682
1779749032172
1779749032670
1779749033101
1779749033581
1779749034095
1779749034600
1779749035093
1779749035592
1779749036039
1779749036547
1779749036991
1779749037404
1779749037925
1779749038327
1779749038789
1779749039315
1779749039821
1779749040314
1779749040803
1779749041273
1779749041756
1779749042242
1779749042708
1779749043162
1779749043671
1779749044143
1779749044650
1779749045125
1779749045596
1779749046024
1779749046536
1779749047045
1779749047548
1779749048047
1779749048567
1779749049072
1779749049582
1779749050067
1779749050584
1779749051052
1779749051520
1779749052017
1779749052587
1779749053034
1779749056735
1779749057207
1779749057733
1779749058199
1779749058753
1779749059324
1779749059903
1779749060450
1779749061009
1779749061467
1779749061950
1779749062462
1779749063048
1779749063964
1779749064454
1779749064987
1779749065500
1779749066016
1779749066523
1779749067006
1779749067540
1779749068042
1779749068568
1779749069072
1779749069565
1779749070073
1779749070608
1779749071102
1779749071667
1779749072211
1779749072753
1779749073272
1779749073885
1779749074369
1779749074833
1779749075684
1779749076289
1779749076774
1779749077156
1779749077567
1779749077941
1779749078301
1779749078712
1779749079087
1779749079492
1779749079856
1779749080294
1779749080742
1779749081170
1779749081644
1779749082041
1779749082444
1779749082818
1779749083191
1779749083617
1779749084070
1779749084503
1779749084914
1779749085338
1779749085797
1779749086229
1779749086682
1779749087113
1779749087622
1779749088066
1779749088504
1779749088916
1779749089324
1779749089753
1779749090162
1779749090598
1779749091002
1779749091434
1779749091836
1779749092241
1779749092653
1779749093052
1779749093468
1779749093875
1779749094263
1779749094680
1779749095069
1779749095512
1779749095925
1779749096364
1779749096799
1779749097212
1779749097625
1779749098030
1779749098442
1779749098849
1779749099259
1779749099722
1779749100203
1779749100699
1779749101150
1779749101575
1779749101965
1779749102369
1779749102773
1779749108767
1779749109339
1779749109865
1779749110402
1779749110950
1779749111435
1779749111960
1779749112435
1779749112960
1779749113475
1779749114015
1779749114571
1779749115063
1779749115592
1779749116117
1779749116686
1779749117182
1779749117670
1779749118111
1779749118589
1779749119083
1779749119565
1779749120041
1779749120621
1779749121186
1779749121771
1779749122283
1779749122847
1779749123309
1779749123712
1779749124250
1779749124784
1779749125299
1779749125838
1779749126403
1779749126959
1779749127509
1779749128065
1779749128645
1779749129178
1779749129725
1779749130258
1779749130821
1779749131343
1779749131908
1779749132419
1779749132983
1779749133524
1779749134097
1779749134694
1779749135252
1779749135832
1779749136346
1779749136924
1779749137486
1779749138080
1779749138666
1779749139209
1779749139793
1779749140315
1779749140907
1779749141471
1779749142083
1779749142666
1779749143208
1779749143761
1779749144317
1779749144919
1779749145437
1779749146050
1779749146610
1779749147179
1779749147725
1779749148277
1779749148848
1779749149387
1779749149961
1779749150505
1779749151070
1779749151558
1779749152031
1779749152515
1779749153027
1779749153562
1779749154073
1779749154612
1779749155162
1779749155737
1779749156234
1779749156717
1779749157186
1779749157636
1779749158146
1779749158731
1779749159267
1779749159834
1779749160378
1779749160949
1779749161476
1779749162045
1779749165692
1779749166236
1779749166826
1779749167395
1779749167926
1779749168440
1779749169006
1779749169548
1779749170066
1779749170662
1779749171215
1779749171812
1779749172348
1779749172945
1779749173480
1779749174071
1779749174661
1779749175173
1779749175733
1779749176272
1779749176816
1779749177355
1779749177890
1779749178419
1779749178933
1779749179400
1779749179981
1779749180486
1779749181043
1779749181547
1779749182030
1779749182506
1779749183143
1779749183664
1779749184161
1779749184661
1779749185098
1779749185533
1779749185995
1779749186422
1779749186922
1779749187341
1779749187839
1779749188290
1779749188775
1779749189250
1779749189810
1779749190357
1779749190924
1779749191471
1779749192050
1779749192619
1779749193205
1779749193798
1779749194363
1779749194942
1779749195448
1779749195994
1779749196537
1779749197093
1779749197667
1779749198140
1779749198635
1779749199142
1779749199683
1779749200263
1779749200935
1779749201480
1779749202042
1779749202548
1779749203080
1779749203862
1779749204365
1779749205026
1779749205620
1779749206154
1779749206581
1779749206953
1779749207348
1779749207786
1779749208177
1779749208593
1779749208973
1779749209348
1779749209900
1779749210409
1779749211184
1779749211751
1779749212228
1779749212974
1779749213536
1779749214146
1779749214682
1779749215190
1779749215832
1779749216344
1779749216917
1779749217438
1779749217979
1779749218441
1779749221497
1779749221903
1779749222309
1779749222691
1779749223074
1779749223492
1779749223950
1779749224442
1779749224896
1779749225276
1779749225699
1779749226101
1779749226538
1779749226902
1779749227296
1779749227758
1779749228148
1779749228603
1779749228995
1779749229381
1779749229891
1779749230266
1779749230762
1779749231277
1779749231722
1779749232149
1779749232655
1779749233197
1779749233765
1779749234288
1779749234861
1779749235378
1779749235930
1779749236490
1779749237080
1779749237677
1779749238240
1779749238777
1779749239318
1779749239851
1779749240371
1779749240920
1779749241459
1779749241998
1779749242497
1779749243052
1779749243639
1779749244193
1779749244775
1779749245265
1779749245740
1779749246226
1779749246799
1779749247368
1779749247954
1779749248522
1779749249089
1779749249673
1779749250199
1779749250776
1779749251296
1779749251858
1779749252412
1779749252969
1779749253571
1779749254161
1779749254741
1779749255259
1779749255803
1779749256327
1779749256806
1779749257335
1779749257917
1779749258431
1779749259005
1779749259550
1779749260142
1779749260699
1779749261231
1779749261767
1779749262302
1779749262856
1779749263364
1779749263941
1779749264458
1779749265013
1779749265615
1779749266154
1779749266689
1779749267229
1779749267810
1779749268339
1779749268878
1779749269360
1779749269920
1779749270470
1779749271033
1779749271571
1779749272153
1779749272683
1779749276290
1779749276858
1779749277419
1779749277970
1779749278496
1779749279070
1779749279595
1779749280099
1779749280645
1779749281183
1779749281736
1779749282229
1779749282791
1779749283245
1779749283790
1779749284248
1779749284748
1779749285260
1779749285820
1779749286317
1779749286828
1779749287349
1779749287916
1779749288464
1779749288994
1779749289520
1779749290082
1779749290660
1779749291228
1779749291759
1779749292295
1779749292805
1779749293308
1779749293819
1779749294384
1779749294897
1779749295437
1779749295999
1779749296475
1779749297009
1779749297579
1779749298110
1779749298627
1779749299162
1779749299738
1779749300273
1779749300808
1779749301327
1779749301882
1779749302373
1779749302908
1779749303448
1779749303994
1779749304530
1779749305117
1779749305621
1779749306183
1779749306681
1779749307137
1779749307691
1779749308179
1779749308739
1779749309258
1779749309770
1779749310246
1779749310858
1779749311347
1779749311851
1779749312365
1779749312819
1779749313304
1779749313813
1779749314269
1779749314798
1779749315348
1779749315865
1779749316404
1779749316966
1779749317484
1779749318020
1779749318597
1779749319130
1779749319647
1779749320215
1779749320823
1779749321313
1779749321885
1779749322422
1779749322935
1779749323372
1779749323870
1779749324381
1779749324902
1779749325417
1779749325957
1779749326479
1779749327030
1779749327568
1779749328038
1779749328595
1779749331905
1779749332443
1779749332995
1779749333503
1779749334066
1779749334583
1779749335107
1779749335650
1779749336148
1779749336646
1779749337166
1779749337720
1779749338217
1779749338742
1779749339244
1779749339755
1779749340284
1779749340846
1779749341315
1779749341869
1779749342386
1779749342960
1779749343472
1779749344026
1779749344542
1779749345052
1779749345600
1779749346103
1779749346648
1779749347187
1779749347698
1779749348190
1779749348733
1779749349261
1779749349798
1779749350292
1779749350836
1779749351371
1779749351920
1779749352486
1779749353024
1779749353560
1779749354055
1779749354594
1779749355122
1779749355658
1779749356185
1779749356745
1779749357271
1779749357804
1779749358344
1779749358886
1779749359404
1779749359949
1779749360464
1779749360996
1779749361525
1779749362050
1779749362590
1779749363124
1779749363691
1779749364181
1779749364725
1779749365237
1779749365752
1779749366281
1779749366813
1779749367311
1779749367748
1779749368089
1779760259054
1779760265599
1779760268065
1779760268955
1779760269387
1779760269884
1779760270303
1779760270783
1779760271229
1779760271795
1779760272743
1779760273371
1779760273953
1779760274395
1779760274881
1779760275336
1779760275922
1779760276339
1779760276817
1779760277274
1779760278002
1779760278424
1779760278813
1779760279216
1779760279773
1779760280178
1779760280591
1779760280964
1779760281497
1779760281920
1779760285232
1779760285711
1779760286112
1779760286591
1779760287092
1779760287514
1779760287928
1779760288346
1779760288816
1779760289242
1779760289720
1779760290130
1779760290544
1779760290994
1779760291421
1779760291854
1779760292285
1779760292731
1779760293164
1779760293728
1779760294232
1779760294724
1779760295145
1779760296663
1779760297237
1779760297778
1779760298294
1779760298781
1779760299211
1779760299657
1779760300085
1779760300523
1779760300916
1779760301306
1779760301719
1779760302105
1779760302573
1779760303000
1779760303423
1779760303800
1779760304184
1779760304594
1779760304995
1779760305387
1779760305816
1779760306261
1779760306719
1779760307128
1779760307537
1779760307931
1779760308333
1779760308751
1779760309066
1779760309405
1779760309748
1779760310111
1779760310557
1779760310976
1779760311393
1779760311817
1779760312215
1779760312605
1779760312916
1779760313196
1779760313480
1779760313766
1779760314027
1779760314303
1779760314578
1779760314855
1779760315149
1779760315441
1779760315734
1779760316048
1779760316345
1779760316632
1779760316978
1779760317295
1779760317666
1779760318008
1779760318338
1779760318633
1779760318951
1779760319254
1779760319589
1779760319928
1779760320243
1779760320531
1779760320809
1779760321079
1779760321371
1779760321630
1779760321963
1779760322260
1779760322597
1779760322904
1779760323224
1779760323524
1779760323814
1779760324109
1779760326554
1779760326835
1779760327106
1779760327402
1779760327769
1779760328142
1779760328578
1779760328914
1779760329247
1779760329590
1779760329938
1779760330284
1779760330696
1779760331040
1779760331421
1779760331772
1779760332110
1779760332444
1779760332785
1779760333121
1779760333444
1779760333744
1779760334008
1779760334301
1779760334568
1779760334848
1779760335117
1779760335384
1779760335639
1779760335900
1779760336185
1779760336491
1779760336748
1779760337017
1779760337295
1779760337573
1779760337848
1779760338126
1779760338398
1779760338687
1779760338948
1779760339235
1779760339520
1779760339784
1779760340060
1779760340348
1779760340617
1779760340879
1779760341149
1779760341425
1779760341694
1779760341968
1779760342235
1779760342520
1779760342785
1779760343056
1779760343335
1779760343612
1779760343893
1779760344175
1779760344449
1779760344726
1779760344991
1779760345262
1779760345530
1779760345803
1779760346053
1779760346359
1779760346641
1779760346982
1779760347523
1779760348071
1779760348617
1779760349114
1779760349638
1779760350120
1779760350624
1779760351106
1779760351627
1779760352123
1779760352647
1779760353139
1779760353660
1779760354147
1779760354657
1779760355135
1779760355635
1779760356116
1779760356653
1779760357157
1779760357769
1779760358251
1779760358758
1779760359243
1779760359765
1779760360275
1779760360821
1779760361281
1779760361829
1779760362306
1779760365913
1779760366508
1779760367023
1779760367564
1779760368089
1779760368614
1779760369147
1779760369642
1779760370191
1779760370725
1779760371255
1779760371813
1779760372331
1779760372841
1779760373345
1779760373888
1779760374420
1779760374956
1779760375471
1779760376015
1779760376569
1779760377099
1779760377610
1779760378127
1779760378667
1779760379210
1779760379752
1779760380291
1779760380825
1779760381364
1779760381940
1779760382439
1779760382963
1779760383458
1779760384013
1779760384609
1779760385096
1779760385632
1779760386113
1779760386639
1779760387174
1779760387740
1779760388255
1779760388803
1779760389321
1779760389861
1779760390374
1779760390901
1779760391391
1779760391921
1779760392412
1779760392920
1779760393439
1779760393961
1779760394453
1779760395006
1779760395557
1779760396065
1779760396600
1779760397122
1779760397684
1779760398202
1779760398753
1779760399268
1779760399817
1779760400297
1779760400813
1779760401328
1779760401856
1779760402370
1779760402906
1779760403430
1779760403995
1779760404532
1779760405077
1779760405637
1779760406103
1779760406636
1779760407169
1779760407707
1779760408227
1779760408801
1779760409304
1779760409832
1779760410341
1779760410848
1779760411344
1779760411878
1779760412413
1779760412974
1779760413490
1779760414044
1779760414577
1779760415116
1779760415650
1779760416162
1779760416702
1779760417221
1779760417754
1779760418268
1779760421716
1779760422278
1779760422844
1779760423380
1779760423945
1779760424479
1779760424937
1779760425490
1779760426017
1779760426550
1779760427075
1779760427619
1779760428171
1779760428719
1779760429245
1779760429794
1779760430316
1779760430853
1779760431375
1779760431920
1779760432444
1779760432975
1779760433496
1779760434040
1779760434585
1779760435098
1779760435633
1779760436185
1779760436759
1779760437240
1779760437800
1779760438330
1779760438906
1779760439432
1779760439979
1779760440508
1779760441059
1779760441581
1779760442105
1779760442646
1779760443191
1779760443731
1779760444233
1779760444761
1779760445284
1779760445829
1779760446363
1779760446898
1779760447418
1779760447962
1779760448495
1779760449064
1779760449601
1779760450111
1779760450635
1779760451166
1779760451707
1779760452215
1779760452750
1779760453283
1779760453819
1779760454340
1779760454927
1779760455449
1779760455976
1779760456539
1779760457087
1779760457611
1779760458097
1779760458629
1779760459165
1779760459709
1779760460237
1779760460783
1779760461307
1779760461858
1779760462386
1779760462928
1779760463461
1779760463994
1779760464514
1779760465052
1779760465595
1779760466112
1779760466654
1779760467187
1779760467746
1779760468265
1779760468820
1779760469322
1779760469870
1779760470390
1779760470911
1779760471445
1779760471964
1779760472485
1779760473030
1779760473566
1779760474091
1779760474623
1779760478251
1779760478799
1779760479341
1779760479897
1779760480435
1779760480987
1779760481518
1779760482062
1779760482610
1779760483148
1779760483690
1779760484204
1779760484749
1779760485237
1779760485791
1779760486311
1779760486865
1779760487380
1779760487951
1779760488479
1779760489025
1779760489566
1779760490097
1779760490639
1779760491184
1779760491727
1779760492237
1779760492793
1779760493309
1779760493869
1779760494384
1779760494965
1779760495456
1779760496022
1779760496550
1779760497105
1779760497658
1779760498165
1779760498739
1779760499157
1779760499594
1779760500081
1779760500610
1779760501107
1779760501665
1779760502167
1779760502699
1779760503186
1779760503734
1779760504315
1779760504874
1779760505345
1779760505854
1779760506372
1779760506888
1779760507408
1779760507962
1779760508459
1779760509006
1779760509561
1779760510090
1779760510640
1779760511180
1779760511746
1779760512290
1779760512835
1779760513364
1779760513914
1779760514446
1779760514986
1779760515504
1779760516023
1779760516576
1779760517100
1779760517631
1779760518155
1779760518678
1779760519174
1779760519707
1779760520229
1779760520726
1779760521246
1779760521812
1779760522301
1779760522828
1779760523340
1779760523903
1779760524393
1779760524961
1779760525502
1779760526040
1779760526561
1779760527087
1779760527632
1779760528150
1779760528693
1779760529220
1779760529763
1779760530280
1779760530826
1779760534382
1779760534930
1779760535434
1779760535997
1779760536529
1779760537069
1779760537665
1779760538218
1779760538748
1779760539271
1779760539825
1779760540344
1779760540906
1779760541424
1779760541978
1779760542526
1779760543062
1779760543596
1779760544115
1779760544659
1779760545196
1779760545735
1779760546244
1779760546772
1779760547276
1779760547818
1779760548340
1779760548864
1779760549379
1779760549926
1779760550433
1779760550981
1779760551514
1779760552055
1779760552599
1779760553128
1779760553671
1779760554174
1779760554693
1779760555216
1779760555757
1779760556278
1779760556869
1779760557360
1779760557865
1779760558380
1779760558946
1779760559479
1779760560005
1779760560525
1779760561033
1779760561581
1779760562088
1779760562630
1779760563154
1779760563710
1779760564231
1779760564779
1779760565303
1779760565827
1779760566326
1779760566880
1779760567410
1779760567981
1779760568502
1779760569058
1779760569601
1779760570121
1779760570682
1779760571206
1779760571732
1779760572258
1779760572830
1779760573343
1779760573877
1779760574398
1779760574946
1779760575507
1779760576054
1779760576572
1779760577065
1779760577604
1779760578144
1779760578758
1779760579259
1779760579809
1779760580291
1779760580875
1779760581406
1779760581952
1779760582478
1779760583023
1779760583557
1779760584090
1779760584640
1779760585167
1779760585754
1779760586298
1779760586860
1779760587305
1779760590773
1779760591313
1779760591859
1779760592366
1779760592907
1779760593427
1779760593980
1779760594499
1779760595026
1779760595574
1779760596060
1779760596595
1779760597118
1779760597637
1779760598167
1779760598711
1779760599255
1779760599800
1779760600325
1779760600882
1779760601377
1779760601981
1779760602549
1779760603140
1779760603726
1779760604273
1779760604830
1779760605367
1779760605902
1779760606378
1779760606927
1779760607458
1779760608120
1779760608667
1779760609187
1779760609733
1779760610241
1779760610784
1779760611315
1779760611870
1779760612390
1779760612898
1779760613387
1779760613938
1779760614416
1779760614960
1779760615462
1779760616088
1779760616581
1779760616990
1779760617454
1779760617912
1779760618331
1779760618806
1779760619256
1779760619722
1779760620150
1779760620727
1779760621165
1779760621615
1779760622052
1779760622497
1779760622984
1779760623477
1779760624001
1779760624558
1779760624986
1779760625419
1779760625909
1779760626405
1779760626862
1779760627308
1779760627836
1779760628355
1779760628909
1779760629434
1779760629982
1779760630510
1779760631063
1779760631624
1779760632155
1779760632652
1779760633197
1779760633754
1779760634285
1779760634844
1779760635337
1779760635852
1779760636415
1779760636944
1779760637438
1779760637963
1779760638499
1779760639029
1779760639620
1779760640163
1779760640730
1779760641270
1779760641816
1779760642348
1779760645958
1779760646470
1779760646952
1779760647456
1779760647984
1779760648500
1779760649039
1779760649646
1779760650209
1779760650786
1779760651324
1779760651910
1779760652424
1779760652936
1779760653431
1779760654012
1779760654553
1779760655033
1779760655613
1779760656139
1779760656746
1779760657272
1779760657838
1779760658357
1779760658898
1779760659429
1779760660002
1779760660544
1779760661068
1779760661606
1779760662160
1779760662752
1779760663285
1779760663855
1779760664381
1779760664961
1779760665463
1779760666075
1779760666656
1779760667271
1779760667796
1779760668189
1779760668758
1779760669319
1779760669913
1779760670460
1779760671046
1779760671603
1779760672160
1779760672733
1779760673240
1779760673768
1779760674262
1779760674765
1779760675235
1779760675798
1779760676284
1779760676765
1779760677203
1779760677645
1779760678103
1779760678570
1779760679032
1779760679520
1779760680093
1779760680661
1779760681162
1779760681732
1779760682267
1779760682827
1779760683353
1779760683897
1779760684415
1779760684955
1779760685494
1779760686017
1779760686497
1779760687005
1779760687520
1779760688074
1779760688634
1779760689190
1779760689749
1779760690273
1779760690802
1779760691325
1779760691874
1779760692405
1779760692956
1779760693499
1779760694052
1779760694598
1779760695115
1779760695663
1779760696185
1779760696730
1779760697267
1779760697810
1779760698279
1779760698817
1779760702299
1779760702840
1779760703377
1779760703932
1779760704450
1779760704991
1779760705518
1779760706061
1779760706577
1779760707092
1779760707637
1779760708148
1779760708707
1779760709178
1779760709725
1779760710242
1779760710799
1779760711318
1779760711856
1779760712385
1779760712911
1779760713440
1779760713930
1779760714461
1779760714977
1779760715507
1779760716052
1779760716597
1779760717136
1779760717651
1779760718180
1779760718728
1779760719247
1779760719784
1779760720307
1779760720806
1779760721312
1779760721860
1779760722388
1779760722933
1779760723448
1779760724001
1779760724556
1779760725083
1779760725633
1779760726140
1779760726690
1779760727218
1779760727764
1779760728292
1779760728903
1779760729416
1779760729967
1779760730493
1779760731042
1779760731586
1779760732113
1779760732679
1779760733198
1779760733762
1779760734284
1779760734836
1779760735354
1779760735933
1779760736398
1779760736970
1779760737485
1779760738038
1779760738585
1779760739109
1779760739673
1779760740192
1779760740731
1779760741276
1779760741797
1779760742316
1779760742859
1779760743379
1779760743920
1779760744432
1779760744953
1779760745476
1779760746016
1779760746565
1779760747193
1779760747691
1779760748205
1779760748735
1779760749270
1779760749831
1779760750343
1779760750890
1779760751413
1779760751939
1779760752469
1779760753011
1779760753548
1779760754105
1779760754719
1779760755267
1779760758730
1779760759290
1779760759860
1779760760377
1779760760935
1779760761448
1779760761985
1779760762513
1779760763047
1779760763589
1779760764095
1779760764638
1779760765172
1779760765719
1779760766239
1779760766794
1779760767306
1779760767849
1779760768484
1779760769034
1779760769577
1779760770102
1779760770633
1779760771173
1779760771664
1779760772188
1779760772726
1779760773258
1779760773797
1779760774292
1779760774841
1779760775365
1779760775935
1779760776499
1779760777016
1779760777537
1779760778053
1779760778561
1779760779089
1779760779633
1779760780164
1779760780701
1779760781190
1779760781759
1779760782266
1779760782800
1779760783412
1779760783991
1779760784454
1779760784943
1779760785424
1779760785980
1779760786459
1779760786982
1779760787520
1779760788094
1779760788644
1779760789172
1779760789727
1779760790278
1779760790992
1779760791539
1779760792092
1779760792641
1779760793200
1779760793808
1779760794330
1779760794889
1779760795553
1779760796133
1779760796647
1779760797121
1779760797593
1779760798094
1779760798610
1779760799139
1779760799684
1779760800355
1779760800966
1779760801520
1779760802093
1779760802682
1779760803217
1779760803873
1779760804393
1779760804924
1779760805449
1779760806025
1779760806532
1779760807060
1779760807622
1779760808184
1779760808787
1779760809501
1779760810074
1779760810628
1779760811156
1779760811677
1779760812184
1779760812708
1779760816362
1779760816927
1779760817449
1779760817985
1779760818531
1779760819079
1779760819620
1779760820146
1779760820674
1779760821196
1779760821732
1779760822251
1779760822792
1779760823285
1779760823817
1779760824335
1779760824869
1779760825383
1779760825906
1779760826462
1779760827001
1779760827583
1779760828095
1779760828612
1779760829118
1779760829669
1779760830186
1779760830688
1779760831193
1779760831720
1779760832220
1779760832788
1779760833301
1779760833805
1779760834334
1779760834850
1779760835375
1779760835926
1779760836460
1779760837001
1779760837550
1779760838074
1779760838620
1779760839140
1779760839694
1779760840231
1779760840813
1779760841370
1779760841900
1779760842414
1779760842959
1779760843479
1779760843994
1779760844522
1779760845064
1779760845613
1779760846126
1779760846646
1779760847168
1779760847717
1779760848209
1779760848763
1779760849277
1779760849829
1779760850324
1779760850857
1779760851374
1779760851921
1779760852457
1779760853022
1779760853575
1779760854073
1779760854598
1779760855113
1779760855622
1779760856146
1779760856690
1779760857225
1779760857739
1779760858269
1779760858783
1779760859310
1779760859855
1779760860396
1779760860949
1779760861451
1779760862000
1779760862537
1779760863067
1779760863620
1779760864139
1779760864710
1779760865214
1779760865763
1779760866269
1779760866811
1779760867347
1779760867910
1779760868436
1779760868947
1779760872398
1779760872982
1779760873483
1779760874030
1779760874581
1779760875125
1779760875654
1779760876198
1779760876720
1779760877264
1779760877818
1779760878353
1779760878921
1779760879440
1779760879999
1779760880565
1779760881056
1779760881723
1779760882233
1779760882810
1779760883345
1779760883894
1779760884416
1779760884943
1779760885468
1779760885975
1779760886484
1779760887039
1779760887576
1779760888095
1779760888632
1779760889147
1779760889687
1779760890206
1779760890755
1779760891256
1779760891798
1779760892325
1779760892880
1779760893405
1779760893929
1779760894441
1779760894962
1779760895476
1779760896004
1779760896509
1779760897037
1779760897584
1779760898099
1779760898666
1779760899189
1779760899746
1779760900255
1779760900801
1779760901332
1779760901847
1779760902381
1779760902939
1779760903468
1779760904001
1779760904521
1779760905040
1779760905575
1779760906099
1779760906615
1779760906855
1779771797036
1779771803910
1779771806285
1779771808513
1779771810280
1779771810848
1779771811311
1779771811726
1779771812195
1779771812605
1779771813076
1779771813691
1779771814098
1779771814516
1779771814914
1779771815312
1779771815763
1779771816210
1779771816642
1779771817122
1779771817578
1779771818020
1779771818480
1779771818910
1779771819340
1779771819792
1779771820196
1779771820685
1779771890243
1779771890772
1779771891216
1779771891738
1779771892220
1779771892830
1779771896057
1779771896630
1779771897166
1779771897741
1779771898248
1779771898858
1779771899412
1779771899960
1779771900488
1779771901035
1779771901568
1779771902087
1779771902667
1779771903207
1779771903749
1779771904282
1779771904806
1779771905312
1779771905848
1779771906337
1779771906833
1779771907317
1779771907842
1779771908342
1779771908854
1779771909345
1779771909859
1779771910355
1779771910868
1779771911357
1779771911880
1779771912371
1779771912849
1779771913356
1779771913891
1779771914390
1779771914944
1779771915439
1779771915957
1779771916438
1779771916950
1779771917443
1779771917966
1779771918456
1779771918957
1779771919486
1779771920035
1779771920557
1779771921091
1779771921643
1779771922126
1779771922689
1779771923207
1779771923746
1779771924284
1779771924840
1779771925325
1779771925876
1779771926376
1779771926923
1779771927440
1779771927987
1779771928509
1779771929052
1779771929592
1779771930047
1779771930607
1779771931147
1779771931668
1779771932220
1779771932750
1779771933256
1779771933814
1779771934333
1779771934881
1779771935413
1779771935962
1779771936478
1779771937030
1779771937552
1779771938076
1779771938623
1779771939128
1779771939682
1779771940198
1779771940740
1779771941249
1779771941788
1779771942299
1779771942862
1779771943350
1779771943890
1779771944398
1779771944938
1779771945462
1779771946022
1779771946569
1779771947111
1779771947621
1779771948143
1779771951494
1779771952044
1779771952574
1779771953120
1779771953669
1779771954193
1779771954733
1779771955252
1779771955886
1779771956371
1779771956874
1779771957388
1779771957938
1779771958459
1779771959040
1779771959559
1779771960115
1779771960654
1779771961184
1779771961755
1779771962294
1779771962858
1779771963413
1779771963972
1779771964497
1779771965020
1779771965568
1779771966090
1779771966630
1779771967136
1779771967677
1779771968166
1779771968715
1779771969227
1779771969779
1779771970301
1779771970855
1779771971379
1779771971896
1779771972424
1779771972970
1779771973499
1779771974051
1779771974614
1779771975131
1779771975656
1779771976238
1779771976833
1779771977382
1779771977964
1779771978502
1779771979080
1779771979607
1779771980126
1779771980693
1779771981245
1779771981830
1779771982350
1779771982872
1779771983388
1779771983937
1779771984477
1779771985032
1779771985584
1779771986123
1779771986662
1779771987179
1779771987727
1779771988257
1779771988818
1779771989342
1779771989884
1779771990385
1779771990929
1779771991441
1779771991960
1779771992487
1779771993071
1779771993624
1779771994124
1779771994660
1779771995199
1779771995745
1779771996272
1779771996821
1779771997342
1779771997855
1779771998387
1779771998936
1779771999455
1779771999995
1779772000465
1779772001013
1779772001566
1779772002099
1779772002619
1779772003113
1779772003673
1779772004202
1779772004747
1779772008413
1779772008973
1779772009499
1779772010040
1779772010592
1779772011121
1779772011672
1779772012192
1779772012740
1779772013274
1779772013828
1779772014356
1779772014905
1779772015425
1779772016042
1779772016535
1779772017053
1779772017598
1779772018114
1779772018657
1779772019155
1779772019701
1779772020272
1779772020814
1779772021337
1779772021897
1779772022408
1779772022957
1779772023490
1779772024039
1779772024548
1779772025082
1779772025602
1779772026124
1779772026695
1779772027198
1779772027743
1779772028261
1779772028804
1779772029329
1779772029863
1779772030395
1779772030916
1779772031411
1779772031958
1779772032476
1779772033029
1779772033579
1779772034115
1779772034677
1779772035210
1779772035747
1779772036293
1779772036849
1779772037375
1779772037906
1779772038402
1779772038923
1779772039454
1779772039994
1779772040491
1779772041035
1779772041585
1779772042113
1779772042671
1779772043195
1779772043737
1779772044261
1779772044795
1779772045335
1779772046005
1779772046837
1779772047375
1779772047937
1779772048495
1779772049040
1779772049591
1779772050108
1779772050647
1779772051157
1779772051698
1779772052183
1779772052715
1779772053233
1779772053790
1779772054300
1779772054816
1779772055319
1779772055865
1779772056388
1779772056957
1779772057477
1779772058019
1779772058530
1779772059057
1779772059609
1779772060121
1779772060659
1779772061178
1779772061741
1779772065355
1779772065915
1779772066447
1779772067001
1779772067546
1779772068071
1779772068606
1779772069125
1779772069645
1779772070170
1779772070702
1779772071200
1779772071760
1779772072274
1779772072842
1779772073388
1779772073921
1779772074435
1779772074934
1779772075467
1779772076045
1779772076584
1779772077120
1779772077669
1779772078187
1779772078724
1779772079261
1779772079798
1779772080347
1779772080903
1779772081424
1779772081966
1779772082499
1779772083046
1779772083568
1779772084066
1779772084585
1779772085104
1779772085648
1779772086178
1779772086695
1779772087229
1779772087747
1779772088263
1779772088792
1779772089282
1779772089846
1779772090375
1779772090893
1779772091414
1779772091975
1779772092496
1779772093042
1779772093580
1779772094090
1779772094630
1779772095132
1779772095652
1779772096154
1779772096707
1779772097222
1779772097790
1779772098276
1779772098818
1779772099347
1779772099865
1779772100390
1779772100941
1779772101465
1779772102002
1779772102560
1779772103065
1779772103615
1779772104137
1779772104703
1779772105207
1779772105768
1779772106269
1779772106813
1779772107328
1779772107866
1779772108374
1779772108924
1779772109495
1779772110107
1779772110652
1779772111133
1779772111673
1779772112171
1779772112711
1779772113207
1779772113612
1779772114080
1779772114555
1779772115091
1779772115706
1779772116228
1779772116753
1779772117277
1779772117901
1779772121669
1779772122220
1779772122780
1779772123306
1779772123885
1779772124409
1779772124968
1779772125494
1779772126033
1779772126572
1779772127102
1779772127646
1779772128166
1779772128690
1779772129212
1779772129703
1779772130229
1779772130802
1779772131328
1779772131850
1779772132350
1779772132854
1779772133375
1779772133906
1779772134427
1779772134960
1779772135484
1779772136073
1779772136613
1779772137156
1779772137684
1779772138214
1779772138739
1779772139268
1779772139805
1779772140314
1779772140869
1779772141417
1779772141948
1779772142476
1779772143020
1779772143569
1779772144085
1779772144624
1779772145119
1779772145679
1779772146177
1779772146717
1779772147255
1779772147786
1779772148317
1779772148868
1779772149386
1779772149924
1779772150414
1779772150958
1779772151477
1779772152001
1779772152559
1779772153076
1779772153624
1779772154155
1779772154727
1779772155159
1779772155637
1779772156120
1779772156599
1779772157078
1779772157569
1779772158027
1779772158529
1779772158990
1779772159445
1779772159977
1779772160384
1779772160881
1779772161332
1779772161882
1779772162336
1779772162839
1779772163321
1779772163886
1779772164422
1779772164890
1779772165375
1779772165919
1779772166458
1779772166959
1779772167398
1779772167928
1779772168341
1779772168789
1779772169195
1779772169618
1779772170073
1779772170626
1779772171167
1779772171795
1779772172308
1779772172869
1779772176448
1779772176946
1779772177421
1779772177946
1779772178453
1779772178958
1779772179440
1779772179968
1779772180503
1779772181056
1779772181577
1779772182114
1779772182641
1779772183137
1779772183663
1779772184197
1779772184747
1779772185287
1779772185833
1779772186348
1779772186895
1779772187413
1779772187969
1779772188502
1779772189043
1779772189589
1779772190088
1779772190633
1779772191154
1779772191695
1779772192218
1779772192756
1779772193281
1779772193843
1779772194366
1779772194915
1779772195428
1779772195963
1779772196443
1779772196962
1779772197493
1779772198001
1779772198519
1779772199026
1779772199534
1779772200063
1779772200607
1779772201127
1779772201665
1779772202189
1779772202739
1779772203277
1779772203831
1779772204376
1779772204931
1779772205447
1779772205998
1779772206548
1779772207082
1779772207625
1779772208144
1779772208662
1779772209183
1779772209722
1779772210239
1779772210791
1779772211329
1779772211875
1779772212469
1779772212992
1779772213486
1779772214046
1779772214599
1779772215139
1779772215655
1779772216175
1779772216714
1779772217235
1779772217783
1779772218325
1779772218871
1779772219385
1779772219905
1779772220443
1779772220991
1779772221504
1779772222050
1779772222558
1779772223101
1779772223614
1779772224141
1779772224695
1779772225221
1779772225794
1779772226269
1779772226836
1779772227396
1779772227934
1779772228476
1779772229012
1779772232568
1779772233123
1779772233709
1779772234238
1779772234762
1779772235284
1779772235837
1779772236355
1779772236899
1779772237412
1779772237926
1779772238480
1779772239032
1779772239581
1779772240105
1779772240660
1779772241189
1779772241712
1779772242266
1779772242812
1779772243339
1779772243898
1779772244426
1779772244957
1779772245487
1779772246031
1779772246600
1779772247105
1779772247642
1779772248176
1779772248719
1779772249294
1779772249834
1779772250370
1779772250893
1779772251429
1779772252007
1779772252535
1779772253055
1779772253590
1779772254100
1779772254662
1779772255182
1779772255727
1779772256232
1779772256781
1779772257317
1779772257891
1779772258403
1779772258956
1779772259501
1779772260037
1779772260595
1779772261127
1779772261688
1779772262204
1779772262742
1779772263272
1779772263796
1779772264298
1779772264860
1779772265448
1779772266005
1779772266556
1779772267119
1779772267667
1779772268211
1779772268741
1779772269233
1779772269756
1779772270263
1779772270824
1779772271334
1779772271875
1779772272442
1779772273011
1779772273554
1779772274070
1779772274636
1779772275204
1779772275752
1779772276258
1779772276809
1779772277321
1779772277888
1779772278420
1779772279012
1779772279528
1779772280077
1779772280676
1779772281223
1779772281756
1779772282275
1779772282843
1779772283401
1779772283953
1779772284444
1779772285021
1779772285573
1779772286091
1779772289582
1779772290134
1779772290678
1779772291192
1779772291736
1779772292255
1779772292801
1779772293323
1779772293866
1779772294389
1779772294937
1779772295477
1779772296012
1779772296631
1779772297149
1779772297687
1779772298210
1779772298742
1779772299263
1779772299823
1779772300345
1779772300892
1779772301382
1779772301938
1779772302459
1779772302948
1779772303460
1779772303968
1779772304494
1779772305036
1779772305564
1779772306090
1779772306672
1779772307179
1779772307728
1779772308244
1779772308795
1779772309314
1779772309847
1779772310381
1779772310911
1779772311456
1779772312006
1779772312563
1779772313173
1779772313710
1779772314232
1779772314773
1779772315274
1779772315790
1779772316294
1779772316842
1779772317359
1779772317910
1779772318428
1779772318974
1779772319489
1779772320056
1779772320609
1779772321134
1779772321673
1779772322192
1779772322741
1779772323239
1779772323757
1779772324269
1779772324793
1779772325312
1779772325868
1779772326339
1779772326982
1779772327494
1779772328029
1779772328545
1779772329106
1779772329649
1779772330148
1779772330689
1779772331211
1779772331765
1779772332283
1779772332834
1779772333348
1779772333875
1779772334385
1779772334957
1779772335456
1779772336005
1779772336567
1779772337087
1779772337635
1779772338131
1779772338665
1779772339189
1779772339728
1779772340257
1779772340781
1779772341302
1779772341833
1779772342349
1779772345915
1779772346456
1779772347002
1779772347541
1779772348061
1779772348614
1779772349098
1779772349637
1779772350127
1779772350680
1779772351199
1779772351725
1779772352241
1779772352762
1779772353260
1779772353808
1779772354327
1779772354881
1779772355429
1779772355945
1779772356462
1779772357010
1779772357552
1779772358104
1779772358654
1779772359144
1779772359703
1779772360228
1779772360768
1779772361294
1779772361838
1779772362361
1779772362854
1779772363369
1779772363926
1779772364463
1779772364989
1779772365500
1779772366043
1779772366584
1779772367115
1779772367658
1779772368196
1779772368718
1779772369259
1779772369814
1779772370348
1779772370930
1779772371442
1779772371956
1779772372475
1779772373013
1779772373595
1779772374115
1779772374633
1779772375208
1779772375741
1779772376251
1779772376828
1779772377332
1779772377882
1779772378419
1779772378976
1779772379484
1779772380051
1779772380602
1779772381142
1779772381693
1779772382215
1779772382762
1779772383278
1779772383819
1779772384347
1779772384885
1779772385448
1779772385998
1779772386515
1779772387086
1779772387635
1779772388152
1779772388718
1779772389243
1779772389833
1779772390377
1779772390923
1779772391437
1779772391997
1779772392549
1779772393127
1779772393740
1779772394316
1779772394897
1779772395376
1779772395925
1779772396424
1779772397008
1779772397522
1779772398048
1779772398588
1779772399114
1779772402647
1779772403231
1779772403758
1779772404284
1779772404824
1779772405345
1779772405906
1779772406439
1779772406993
1779772407498
1779772408039
1779772408592
1779772409114
1779772409655
1779772410154
1779772410697
1779772411218
1779772411778
1779772412313
1779772412837
1779772413354
1779772413900
1779772414422
1779772414998
1779772415487
1779772416054
1779772416588
1779772417100
1779772417638
1779772418170
1779772418712
1779772419231
1779772419796
1779772420350
1779772420899
1779772421422
1779772421931
1779772422453
1779772422970
1779772423485
1779772424025
1779772424578
1779772425105
1779772425622
1779772426134
1779772426685
1779772427210
1779772427786
1779772428301
1779772428848
1779772429370
1779772429933
1779772430448
1779772430982
1779772431501
1779772432020
1779772432565
1779772433092
1779772433608
1779772434116
1779772434668
1779772435198
1779772435746
1779772436261
1779772436797
1779772437294
1779772437838
1779772438379
1779772438923
1779772439433
1779772439956
1779772440497
1779772441051
1779772441597
1779772442110
1779772442623
1779772443152
1779772443710
1779772444246
1779772444654
1779772444887
1779783336971
1779783338241
1779783338786
1779783339448
1779783339926
1779783340337
1779783341192
1779783342048
1779783342796
1779783343262
1779783343706
1779783344969
1779783345460
1779783346048
1779783346726
1779783347186
1779783347630
1779783348074
1779783348518
1779783352605
1779783353053
1779783353467
1779783353866
1779783354293
1779783354723
1779783355191
1779783355624
1779783356034
1779783356465
1779783356884
1779783357268
1779783357703
1779783358098
1779783358492
1779783358887
1779783359310
1779783359732
1779783360146
1779783360606
1779783361013
1779783361433
1779783361835
1779783362241
1779783362677
1779783363094
1779783363537
1779783364248
1779783364682
1779783365200
1779783365663
1779783366101
1779783366591
1779783367023
1779783367445
1779783367866
1779783368309
1779783368747
1779783369174
1779783369594
1779783369992
1779783370378
1779783370732
1779783371033
1779783371340
1779783371605
1779783371864
1779783372131
1779783372410
1779783372690
1779783372947
1779783373220
1779783373510
1779783373784
1779783374054
1779783374322
1779783374589
1779783374868
1779783375150
1779783375444
1779783375721
1779783375976
1779783376248
1779783376521
1779783376798
1779783377057
1779783377345
1779783377612
1779783377883
1779783378139
1779783378418
1779783378686
1779783378955
1779783379231
1779783379521
1779783379795
1779783380066
1779783380358
1779783380629
1779783380900
1779783381176
1779783381467
1779783381731
1779783382021
1779783382389
1779783382729
1779783383021
1779783383323
1779783383594
1779783383861
1779783384125
1779783384406
1779783384687
1779783384986
1779783385321
1779783385652
1779783385950
1779783386230
1779783386535
1779783386868
1779783389673
1779783389922
1779783390155
1779783390435
1779783390708
1779783391068
1779783391430
1779783391825
1779783392240
1779783392659
1779783393073
1779783393522
1779783393958
1779783394449
1779783394818
1779783395148
1779783395490
1779783395829
1779783396165
1779783396516
1779783396895
1779783397290
1779783397695
1779783398060
1779783398470
1779783398868
1779783399292
1779783399703
1779783400079
1779783400389
1779783400654
1779783400915
1779783401173
1779783401443
1779783401719
1779783401999
1779783402245
1779783402527
1779783402795
1779783403055
1779783403335
1779783403612
1779783403888
1779783404166
1779783404456
1779783404735
1779783404996
1779783405290
1779783405591
1779783405876
1779783406138
1779783406413
1779783406687
1779783406949
1779783407234
1779783407525
1779783407783
1779783408049
1779783408322
1779783408599
1779783408866
1779783409120
1779783409411
1779783409681
1779783409958
1779783410232
1779783410527
1779783410804
1779783411055
1779783411342
1779783411590
1779783411869
1779783412139
1779783412409
1779783412671
1779783412953
1779783413228
1779783413502
1779783413777
1779783414048
1779783414336
1779783414606
1779783414920
1779783415193
1779783415474
1779783415744
1779783416025
1779783416301
1779783416583
1779783416852
1779783417125
1779783417396
1779783417673
1779783417933
1779783418203
1779783418487
1779783418742
1779783419018
1779783419296
1779783419558
1779783422180
1779783422441
1779783422691
1779783422936
1779783423181
1779783423446
1779783423677
1779783424003
1779783424556
1779783425067
1779783425624
1779783426167
1779783426689
1779783427219
1779783427771
1779783428299
1779783428853
1779783429366
1779783429916
1779783430458
1779783431067
1779783431622
1779783432164
1779783432698
1779783433215
1779783433770
1779783434283
1779783434830
1779783435325
1779783435864
1779783436375
1779783436890
1779783437408
1779783437977
1779783438469
1779783438987
1779783439486
1779783440032
1779783440572
1779783441098
1779783441654
1779783442133
1779783442652
1779783443161
1779783443691
1779783444190
1779783444744
1779783445290
1779783445825
1779783446441
1779783447017
1779783447571
1779783448103
1779783448670
1779783449201
1779783449764
1779783450293
1779783450841
1779783451388
1779783451937
1779783452449
1779783453010
1779783453507
1779783454092
1779783454650
1779783455186
1779783455740
1779783456267
1779783456825
1779783457352
1779783457908
1779783458451
1779783459006
1779783459563
1779783460109
1779783460632
1779783461153
1779783461719
1779783462266
1779783462787
1779783463309
1779783463845
1779783464334
1779783464888
1779783465417
1779783465970
1779783466496
1779783467032
1779783467585
1779783468090
1779783468632
1779783469152
1779783469696
1779783470220
1779783470772
1779783471303
1779783471860
1779783472388
1779783472890
1779783473390
1779783477199
1779783477828
1779783478420
1779783479086
1779783479742
1779783480334
1779783480950
1779783481490
1779783481991
1779783482499
1779783483021
1779783483548
1779783484005
1779783484549
1779783485024
1779783485495
1779783485943
1779783486374
1779783486884
1779783487370
1779783487895
1779783488378
1779783488917
1779783489418
1779783489961
1779783490472
1779783491000
1779783491540
1779783492046
1779783492568
1779783493120
1779783493652
1779783494170
1779783494716
1779783495215
1779783495748
1779783496257
1779783496775
1779783497256
1779783497770
1779783498280
1779783498798
1779783499305
1779783499839
1779783500337
1779783500870
1779783501354
1779783501890
1779783502385
1779783502940
1779783503463
1779783504044
1779783504583
1779783505117
1779783505688
1779783506213
1779783506742
1779783507256
1779783507847
1779783508315
1779783508886
1779783509489
1779783509994
1779783510509
1779783511009
1779783511548
1779783512053
1779783512574
1779783513111
1779783513670
1779783514208
1779783514744
1779783515313
1779783516186
1779783516835
1779783517322
1779783517877
1779783518421
1779783519009
1779783519570
1779783520309
1779783520942
1779783521457
1779783521975
1779783522456
1779783522966
1779783523639
1779783524272
1779783524787
1779783525296
1779783525822
1779783526343
1779783526885
1779783527349
1779783527906
1779783528398
1779783528939
1779783529466
1779783530064
1779783530618
1779783536148
1779783536714
1779783537197
1779783537736
1779783538260
1779783538796
1779783539313
1779783539835
1779783540363
1779783540886
1779783541416
1779783541942
1779783542448
1779783542990
1779783543504
1779783544016
1779783544540
1779783545055
1779783545556
1779783546061
1779783546585
1779783547084
1779783547607
1779783548100
1779783548610
1779783549105
1779783549616
1779783550113
1779783550622
1779783551120
1779783551623
1779783552136
1779783552688
1779783553213
1779783553769
1779783554276
1779783554860
1779783555339
1779783555825
1779783556346
1779783556909
1779783557417
1779783557948
1779783558427
1779783558937
1779783559413
1779783559946
1779783560471
1779783561059
1779783561600
1779783562143
1779783562664
1779783563197
1779783563714
1779783564243
1779783564798
1779783565316
1779783565866
1779783566373
1779783566943
1779783567529
1779783568061
1779783568614
1779783569151
1779783569701
1779783570249
1779783570807
1779783571311
1779783571836
1779783572381
1779783572908
1779783573452
1779783574014
1779783574477
1779783574936
1779783575406
1779783575968
1779783576478
1779783577010
1779783577557
1779783578072
1779783578607
1779783579147
1779783579702
1779783580200
1779783580747
1779783581289
1779783581848
1779783582353
1779783582896
1779783583480
1779783584012
1779783584572
1779783585103
1779783585694
1779783586181
1779783586784
1779783587290
1779783587817
1779783588345
1779783591945
1779783592519
1779783593073
1779783593612
1779783594119
1779783594674
1779783595188
1779783595741
1779783596263
1779783596800
1779783597313
1779783597836
1779783598356
1779783598863
1779783599385
1779783599928
1779783600449
1779783600974
1779783601502
1779783602021
1779783602548
1779783603057
1779783603621
1779783604146
1779783604690
1779783605199
1779783605745
1779783606279
1779783606820
1779783607341
1779783607915
1779783608443
1779783608964
1779783609492
1779783610039
1779783610589
1779783611113
1779783611679
1779783612206
1779783612731
1779783613255
1779783613807
1779783614371
1779783614915
1779783615472
1779783616012
1779783616596
1779783617128
1779783617707
1779783618236
1779783618787
1779783619294
1779783619826
1779783620335
1779783620887
1779783621407
1779783621957
1779783622474
1779783623025
1779783623578
1779783624068
1779783624611
1779783625140
1779783625706
1779783626253
1779783626887
1779783627414
1779783627957
1779783628510
1779783629051
1779783629596
1779783630131
1779783630679
1779783631209
1779783631749
1779783632243
1779783632795
1779783633308
1779783633893
1779783634399
1779783634948
1779783635434
1779783635978
1779783636479
1779783637006
1779783637535
1779783638054
1779783638600
1779783639110
1779783639652
1779783640177
1779783640720
1779783641256
1779783641794
1779783642320
1779783642829
1779783643341
1779783643891
1779783644416
1779783644995
1779783649095
1779783649686
1779783650211
1779783650735
1779783651241
1779783651781
1779783652302
1779783652826
1779783653368
1779783653881
1779783654412
1779783654965
1779783655489
1779783656032
1779783656511
1779783657044
1779783657593
1779783658079
1779783658624
1779783659147
1779783659707
1779783660232
1779783660787
1779783661260
1779783661813
1779783662342
1779783662893
1779783663439
1779783663978
1779783664511
1779783665064
1779783665626
1779783666152
1779783666702
1779783667220
1779783667780
1779783668307
1779783668838
1779783669366
1779783669932
1779783670454
1779783671000
1779783671526
1779783672056
1779783672613
1779783673143
1779783673692
1779783674200
1779783674766
1779783675282
1779783675842
1779783676368
1779783676912
1779783677434
1779783677976
1779783678518
1779783679121
1779783679680
1779783680212
1779783680813
1779783681333
1779783681863
1779783682470
1779783683031
1779783683575
1779783684110
1779783684648
1779783685187
1779783685733
1779783686240
1779783686795
1779783687292
1779783687857
1779783688376
1779783688930
1779783689464
1779783690022
1779783690573
1779783691117
1779783691675
1779783692199
1779783692757
1779783693269
1779783693808
1779783694261
1779783694751
1779783695202
1779783695683
1779783696114
1779783696694
1779783697143
1779783697620
1779783698152
1779783698632
1779783699125
1779783699604
1779783700077
1779783700629
1779783701121
1779783701571
1779783706421
1779783706986
1779783707500
1779783708044
1779783708569
1779783709112
1779783709705
1779783710249
1779783710816
1779783711351
1779783711909
1779783712430
1779783713086
1779783713636
1779783714159
1779783714719
1779783715245
1779783715780
1779783716302
1779783716827
1779783717355
1779783717898
1779783718411
1779783718960
1779783719482
1779783720055
1779783720604
1779783721132
1779783721684
1779783722212
1779783722763
1779783723286
1779783723839
1779783724360
1779783724912
1779783725416
1779783725947
1779783726469
1779783726995
1779783727519
1779783728066
1779783728628
1779783729157
1779783729709
1779783730211
1779783730768
1779783731300
1779783731808
1779783732347
1779783732870
1779783733412
1779783733972
1779783734510
1779783735036
1779783735580
1779783736114
1779783736651
1779783737148
1779783737708
1779783738242
1779783738809
1779783739339
1779783739935
1779783740443
1779783740971
1779783741505
1779783742038
1779783742594
1779783743137
1779783743685
1779783744209
1779783744759
1779783745274
1779783745798
1779783746381
1779783746913
1779783747439
1779783747968
1779783748552
1779783749080
1779783749626
1779783750153
1779783750688
1779783751183
1779783751730
1779783752216
1779783752767
1779783753294
1779783753831
1779783754351
1779783754855
1779783755347
1779783755892
1779783756397
1779783756943
1779783757468
1779783758002
1779783758549
1779783759070
1779783759639
1779783763257
1779783763817
1779783764343
1779783764888
1779783765412
1779783765962
1779783766464
1779783767030
1779783767627
1779783768133
1779783768659
1779783769188
1779783769725
1779783770241
1779783770782
1779783771308
1779783771866
1779783772383
1779783772963
1779783773477
1779783773998
1779783774520
1779783775041
1779783775594
1779783776135
1779783776691
1779783777199
1779783777726
1779783778251
1779783778828
1779783779353
1779783779890
1779783780361
1779783780902
1779783781419
1779783781956
1779783782483
1779783783011
1779783783549
1779783784072
1779783784615
1779783785145
1779783785722
1779783786247
1779783786801
1779783787296
1779783787838
1779783788382
1779783788936
1779783789450
1779783790002
1779783790535
1779783791061
1779783791603
1779783792159
1779783792697
1779783793165
1779783793707
1779783794236
1779783794748
1779783795271
1779783795808
1779783796330
1779783796872
1779783797390
1779783797944
1779783798460
1779783799021
1779783799549
1779783800072
1779783800612
1779783801145
1779783801698
1779783802236
1779783802798
1779783803331
1779783803843
1779783804371
1779783804916
1779783805437
1779783805991
1779783806521
1779783807080
1779783807608
1779783808094
1779783808640
1779783809168
1779783809722
1779783810221
1779783810739
1779783811263
1779783811775
1779783812288
1779783812814
1779783813335
1779783813916
1779783814415
1779783814972
1779783815496
1779783816065
1779783819886
1779783820438
1779783820986
1779783821499
1779783822056
1779783822598
1779783823121
1779783823673
1779783824240
1779783824789
1779783825290
1779783825847
1779783826378
1779783826923
1779783827445
1779783827983
1779783828499
1779783829055
1779783829596
1779783830118
1779783830660
1779783831181
1779783831704
1779783832229
1779783832777
1779783833294
1779783833865
1779783834446
1779783834988
1779783835534
1779783836106
1779783836656
1779783837144
1779783837667
1779783838170
1779783838709
1779783839226
1779783839789
1779783840335
1779783840842
1779783841366
1779783841924
1779783842442
1779783842973
1779783843471
1779783844009
1779783844498
1779783844990
1779783845510
1779783846073
1779783846634
1779783847170
1779783847738
1779783848263
1779783848797
1779783849312
1779783849842
1779783850371
1779783850919
1779783851439
1779783852001
1779783852543
1779783853059
1779783853578
1779783854083
1779783854657
1779783855155
1779783855706
1779783856238
1779783856772
1779783857294
1779783857829
1779783858350
1779783858878
1779783859372
1779783859935
1779783860456
1779783861002
1779783861568
1779783862100
1779783862641
1779783863171
1779783863722
1779783864250
1779783864862
1779783865365
1779783865889
1779783866515
1779783867096
1779783867645
1779783868174
1779783868722
1779783869219
1779783869799
1779783870342
1779783870898
1779783871428
1779783871990
1779783872516
1779783873068
1779783876924
1779783877479
1779783878060
1779783878565
1779783879089
1779783879633
1779783880156
1779783880695
1779783881183
1779783881725
1779783882227
1779783882782
1779783883294
1779783883834
1779783884345
1779783884882
1779783885393
1779783885937
1779783886459
1779783886995
1779783887497
1779783888015
1779783888573
1779783889096
1779783889658
1779783890154
1779783890696
1779783891210
1779783891734
1779783892255
1779783892801
1779783893319
1779783893898
1779783894422
1779783894965
1779783895472
1779783896109
1779783896608
1779783897142
1779783897698
1779783898202
1779783898725
1779783899233
1779783899781
1779783900321
1779783900872
1779783901368
1779783901938
1779783902450
1779783903006
1779783903556
1779783904083
1779783904599
1779783905127
1779783905666
1779783906228
1779783906802
1779783907331
1779783907873
1779783908395
1779783908952
1779783909453
1779783910003
1779783910530
1779783911044
1779783911591
1779783912121
1779783912664
1779783913217
1779783913792
1779783914331
1779783914883
1779783915421
1779783915942
1779783916459
1779783917025
1779783917570
1779783918097
1779783918608
1779783919111
1779783919674
1779783920219
1779783920746
1779783921268
1779783921789
1779783922298
1779783922853
1779783923387
1779783923915
1779783924411
1779783924964
1779783925480
1779783926008
1779783926668
1779783927156
1779783927731
1779783928256
1779783928800
1779783929302
1779783929839
1779783933567
1779783934147
1779783934688
1779783935196
1779783935736
1779783936272
1779783936814
1779783937321
1779783937842
1779783938336
1779783938880
1779783939435
1779783939990
1779783940494
1779783940998
1779783941496
1779783942015
1779783942543
1779783943066
1779783943638
1779783944169
1779783944715
1779783945246
1779783945782
1779783946305
1779783946870
1779783947388
1779783947977
1779783948517
1779783949078
1779783949615
1779783950097
1779783950644
1779783951196
1779783951752
1779783952284
1779783952834
1779783953390
1779783953942
1779783954480
1779783955035
1779783955564
1779783956090
1779783956667
1779783957187
1779783957760
1779783958276
1779783958824
1779783959345
1779783959895
1779783960418
1779783960934
1779783961455
1779783962008
1779783962532
1779783963060
1779783963580
1779783964114
1779783964656
1779783965192
1779783965735
1779783966266
1779783966796
1779783967271
1779783967800
1779783968316
1779783968832
1779783969332
1779783969890
1779783970434
1779783971014
1779783971560
1779783972080
1779783972618
1779783973138
1779783973663
1779783974179
1779783974719
1779783975240
1779783975776
1779783976290
1779783976827
1779783977358
1779783977865
1779783978412
1779783978991
1779783979516
1779783980055
1779783980657
1779783981193
1779783981746
1779783982272
1779783982819
1779783983304
1779783983627
1779783983954
1779783984194
1779794874235
1779794874908
1779794875455
1779794879376
1779794879635
1779794879904
1779794880182
1779794880471
1779794880750
1779794881021
1779794881331
1779794881604
1779794881923
1779794882268
1779794882591
1779794882891
1779794883182
1779794883471
1779794883757
1779794884046
1779794884346
1779794884612
1779794884891
1779794885161
1779794885449
1779794885728
1779794886019
1779794886309
1779794886588
1779794886873
1779794887153
1779794887447
1779794887721
1779794888025
1779794888319
1779794888621
1779794888920
1779794889217
1779794889519
1779794889810
1779794890104
1779794890405
1779794890678
1779794890971
1779794891254
1779794891545
1779794891808
1779794892078
1779794892374
1779794892651
1779794892933
1779794893251
1779794893544
1779794893832
1779794894108
1779794894405
1779794894693
1779794894973
1779794895245
1779794895537
1779794895816
1779794896109
1779794896400
1779794896681
1779794896964
1779794897239
1779794897526
1779794897810
1779794898095
1779794898390
1779794898663
1779794898951
1779794899237
1779794899525
1779794899807
1779794900083
1779794900376
1779794900651
1779794900929
1779794901208
1779794901503
1779794901787
1779794902077
1779794902381
1779794902661
1779794902934
1779794903212
1779794903501
1779794903777
1779794904077
1779794904378
1779794904667
1779794904946
1779794905238
1779794905538
1779794905828
1779794906110
1779794906391
1779794906648
1779794906943
1779794907289
1779794907651
1779794907992
1779794911617
1779794911901
1779794912153
1779794912392
1779794912641
1779794912882
1779794913129
1779794913387
1779794913637
1779794913897
1779794914134
1779794914400
1779794914654
1779794914881
1779794915107
1779794915351
1779794915587
1779794915836
1779794916096
1779794916352
1779794916602
1779794916828
1779794917080
1779794917321
1779794917571
1779794917819
1779794918053
1779794918315
1779794918565
1779794918829
1779794919116
1779794919412
1779794919694
1779794919975
1779794920264
1779794920565
1779794920863
1779794921158
1779794921457
1779794921740
1779794922025
1779794922314
1779794922599
1779794922881
1779794923142
1779794923415
1779794923692
1779794923979
1779794924261
1779794924551
1779794924824
1779794925086
1779794925360
1779794925647
1779794925944
1779794926218
1779794926505
1779794926781
1779794927050
1779794927345
1779794927635
1779794928003
1779794928373
1779794928705
1779794929008
1779794929409
1779794929792
1779794930184
1779794930506
1779794930798
1779794931098
1779794931414
1779794931750
1779794932108
1779794932423
1779794932715
1779794932992
1779794933277
1779794933562
1779794933855
1779794934155
1779794934464
1779794934806
1779794935094
1779794935412
1779794935707
1779794936191
1779794936551
1779794936851
1779794937161
1779794937462
1779794937722
1779794938016
1779794938320
1779794938604
1779794938871
1779794939149
1779794939441
1779794939700
1779794939985
1779794943581
1779794943854
1779794944086
1779794944371
1779794944622
1779794944887
1779794945115
1779794945359
1779794945605
1779794945873
1779794946113
1779794946354
1779794946583
1779794946831
1779794947062
1779794947318
1779794947564
1779794947816
1779794948067
1779794948333
1779794948585
1779794948821
1779794949050
1779794949299
1779794949546
1779794949806
1779794950060
1779794950317
1779794950585
1779794950863
1779794951157
1779794951455
1779794951718
1779794952029
1779794952342
1779794952613
1779794952900
1779794953183
1779794953476
1779794953734
1779794954021
1779794954301
1779794954570
1779794954854
1779794955118
1779794955415
1779794955690
1779794955968
1779795024568
1779795025155
1779795025718
1779795026289
1779795026868
1779795027380
1779795027945
1779795028488
1779795029051
1779795029590
1779795030142
1779795030705
1779795031192
1779795031730
1779795032279
1779795032850
1779795033379
1779795033942
1779795034409
1779795034971
1779795035502
1779795036046
1779795036578
1779795037095
1779795037640
1779795038159
1779795038716
1779795039267
1779795039833
1779795040376
1779795040910
1779795041436
1779795042019
1779795042558
1779795043068
1779795043619
1779795044171
1779795044702
1779795045235
1779795045798
1779795046317
1779795046859
1779795047396
1779795047952
1779795048478
1779795049031
1779795049579
1779795050091
1779795050619
1779795051141
1779795051715
1779795052245
1779795056393
1779795056983
1779795057521
1779795058068
1779795058638
1779795059154
1779795059706
1779795060239
1779795060783
1779795061319
1779795061905
1779795062417
1779795062946
1779795063442
1779795064019
1779795064615
1779795065155
1779795065717
1779795066251
1779795066818
1779795067353
1779795067947
1779795068477
1779795069032
1779795069563
1779795070101
1779795070667
1779795071193
1779795071774
1779795072343
1779795072950
1779795073458
1779795074098
1779795074677
1779795075197
1779795075743
1779795076253
1779795076805
1779795077338
1779795077919
1779795078514
1779795079016
1779795079547
1779795080080
1779795080693
1779795081224
1779795081790
1779795082335
1779795082885
1779795083437
1779795084029
1779795084563
1779795085074
1779795085627
1779795086204
1779795086763
1779795087276
1779795087860
1779795088402
1779795088950
1779795089522
1779795090165
1779795090699
1779795091223
1779795091784
1779795092313
1779795092871
1779795093405
1779795093946
1779795094480
1779795095019
1779795095563
1779795096092
1779795096621
1779795097179
1779795097711
1779795098223
1779795098762
1779795099294
1779795099866
1779795100603
1779795101267
1779795101840
1779795102374
1779795102937
1779795103467
1779795104011
1779795104555
1779795105107
1779795105678
1779795106219
1779795106776
1779795107307
1779795107862
1779795108383
1779795108959
1779795109487
1779795110063
1779795110597
1779795111134
1779795115337
1779795115938
1779795116470
1779795116969
1779795117506
1779795118078
1779795118630
1779795119165
1779795119714
1779795120296
1779795120846
1779795121402
1779795121965
1779795122465
1779795123042
1779795123590
1779795124117
1779795124641
1779795125172
1779795125735
1779795126253
1779795126778
1779795127314
1779795127887
1779795128427
1779795128987
1779795129534
1779795130122
1779795130670
1779795131194
1779795131752
1779795132296
1779795132848
1779795133366
1779795133942
1779795134485
1779795135015
1779795135566
1779795136103
1779795136650
1779795137171
1779795137734
1779795138280
1779795138814
1779795139351
1779795139935
1779795140446
1779795141011
1779795141546
1779795142083
1779795142620
1779795143148
1779795143703
1779795144260
1779795144803
1779795145281
1779795145847
1779795146347
1779795146922
1779795147464
1779795148077
1779795148621
1779795149139
1779795149701
1779795150234
1779795150789
1779795151305
1779795151945
1779795152479
1779795152995
1779795153513
1779795154083
1779795154629
1779795155163
1779795155725
1779795156251
1779795156787
1779795157330
1779795157906
1779795158429
1779795158956
1779795159456
1779795160018
1779795160579
1779795161111
1779795161665
1779795162213
1779795162763
1779795163298
1779795163903
1779795164429
1779795165004
1779795165553
1779795166101
1779795166679
1779795167220
1779795167777
1779795168312
1779795168873
1779795169397
1779795173532
1779795174115
1779795174686
1779795175214
1779795175807
1779795176327
1779795176909
1779795177422
1779795178003
1779795178525
1779795179046
1779795179572
1779795180121
1779795180662
1779795181198
1779795181747
1779795182290
1779795182876
1779795183459
1779795184030
1779795184589
1779795185113
1779795185660
1779795186222
1779795186765
1779795187287
1779795187857
1779795188360
1779795188900
1779795189429
1779795189976
1779795190504
1779795191067
1779795191619
1779795192152
1779795192692
1779795193224
1779795193774
1779795194317
1779795194864
1779795195372
1779795195952
1779795196457
1779795197008
1779795197546
1779795198088
1779795198641
1779795199181
1779795199737
1779795200277
1779795200828
1779795201315
1779795201884
1779795202425
1779795202955
1779795203514
1779795204075
1779795204622
1779795205143
1779795205696
1779795206249
1779795206807
1779795207338
1779795207905
1779795208432
1779795208991
1779795209518
1779795210085
1779795210608
1779795211137
1779795211691
1779795212240
1779795212807
1779795213332
1779795213923
1779795214447
1779795214997
1779795215530
1779795216110
1779795216656
1779795217159
1779795217691
1779795218222
1779795218783
1779795219285
1779795219837
1779795220377
1779795220922
1779795221445
1779795222028
1779795222580
1779795223107
1779795223659
1779795224205
1779795224756
1779795225283
1779795225853
1779795226383
1779795226953
1779795227456
1779795231641
1779795232222
1779795232794
1779795233287
1779795233858
1779795234387
1779795234940
1779795235433
1779795236042
1779795236586
1779795237118
1779795237651
1779795238209
1779795238752
1779795239265
1779795239832
1779795240362
1779795240932
1779795241449
1779795242014
1779795242567
1779795243125
1779795243677
1779795244227
1779795244791
1779795245313
1779795245867
1779795246364
1779795246922
1779795247451
1779795248022
1779795248562
1779795249107
1779795249646
1779795250184
1779795250719
1779795251223
1779795251776
1779795252297
1779795252844
1779795253368
1779795253935
1779795254452
1779795255000
1779795255548
1779795256110
1779795256651
1779795257196
1779795257727
1779795258245
1779795258781
1779795259352
1779795259909
1779795260395
1779795260950
1779795261481
1779795262054
1779795262596
1779795263138
1779795263682
1779795264217
1779795264778
1779795265318
1779795265884
1779795266394
1779795266979
1779795267491
1779795268065
1779795268634
1779795269159
1779795269711
1779795270224
1779795270777
1779795271309
1779795271884
1779795272416
1779795272959
1779795273504
1779795274038
1779795274599
1779795275136
1779795275714
1779795276255
1779795276850
1779795277367
1779795277936
1779795278484
1779795279027
1779795279592
1779795280119
1779795280656
1779795281185
1779795281737
1779795282265
1779795282823
1779795283314
1779795283926
1779795284455
1779795285001
1779795285551
1779795289639
1779795290220
1779795290778
1779795291296
1779795291844
1779795292409
1779795292977
1779795293481
1779795294048
1779795294619
1779795295143
1779795295701
1779795296223
1779795296775
1779795297299
1779795297884
1779795298405
1779795298972
1779795299485
1779795300035
1779795300587
1779795301105
1779795301641
1779795302206
1779795302773
1779795303293
1779795303816
1779795304345
1779795304893
1779795305425
1779795306012
1779795306554
1779795307152
1779795307687
1779795308231
1779795308787
1779795309292
1779795309855
1779795310397
1779795310951
1779795311465
1779795312007
1779795312546
1779795313080
1779795313628
1779795314138
1779795314683
1779795315215
1779795315764
1779795316300
1779795316854
1779795317370
1779795317915
1779795318432
1779795318976
1779795319504
1779795320065
1779795320592
1779795321115
1779795321681
1779795322230
1779795322774
1779795323289
1779795323876
1779795324388
1779795324951
1779795325472
1779795326047
1779795326605
1779795327109
1779795327658
1779795328209
1779795328758
1779795329289
1779795329856
1779795330389
1779795330885
1779795331414
1779795331979
1779795332483
1779795333036
1779795333574
1779795334110
1779795334674
1779795335211
1779795335763
1779795336290
1779795336840
1779795337366
1779795337987
1779795338520
1779795339065
1779795339622
1779795340124
1779795340661
1779795341189
1779795341735
1779795342270
1779795342830
1779795343338
1779795347456
1779795348067
1779795348633
1779795349160
1779795349717
1779795350263
1779795350807
1779795351303
1779795351882
1779795352395
1779795352973
1779795353499
1779795354056
1779795354608
1779795355141
1779795355697
1779795356189
1779795356738
1779795357258
1779795357831
1779795358374
1779795358923
1779795359455
1779795360040
1779795360553
1779795361052
1779795361610
1779795362152
1779795362702
1779795363232
1779795363791
1779795364334
1779795364879
1779795365420
1779795366002
1779795366554
1779795367079
1779795367631
1779795368174
1779795368723
1779795369255
1779795369823
1779795370329
1779795370882
1779795371406
1779795371975
1779795372499
1779795373043
1779795373568
1779795374108
1779795374663
1779795375197
1779795375766
1779795376271
1779795376796
1779795377311
1779795377893
1779795378430
1779795379003
1779795379552
1779795380102
1779795380722
1779795381226
1779795381776
1779795382300
1779795382842
1779795383363
1779795383941
1779795384455
1779795385007
1779795385543
1779795386078
1779795386619
1779795387153
1779795387676
1779795388219
1779795388753
1779795389258
1779795389814
1779795390352
1779795390880
1779795391420
1779795391990
1779795392510
1779795393074
1779795393625
1779795394146
1779795394680
1779795395222
1779795395781
1779795396330
1779795396891
1779795397428
1779795397998
1779795398528
1779795399077
1779795399648
1779795400218
1779795400759
1779795401277
1779795405443
1779795406014
1779795406593
1779795407100
1779795407655
1779795408153
1779795408708
1779795409208
1779795409795
1779795410330
1779795410857
1779795411393
1779795411961
1779795412494
1779795413073
1779795413627
1779795414162
1779795414701
1779795415231
1779795415789
1779795416300
1779795416868
1779795417407
1779795417977
1779795418510
1779795419058
1779795419604
1779795420182
1779795420734
1779795421248
1779795421811
1779795422324
1779795422886
1779795423419
1779795423983
1779795424506
1779795425043
1779795425608
1779795426134
1779795426686
1779795427220
1779795427748
1779795428281
1779795428806
1779795429332
1779795429895
1779795430419
1779795430987
1779795431535
1779795432093
1779795432640
1779795433191
1779795433741
1779795434276
1779795434804
1779795435302
1779795435881
1779795436412
1779795436990
1779795437496
1779795438035
1779795438565
1779795439109
1779795439666
1779795440199
1779795440741
1779795441288
1779795441808
1779795442328
1779795442879
1779795443424
1779795443980
1779795444506
1779795445061
1779795445605
1779795446133
1779795446681
1779795447223
1779795447794
1779795448262
1779795448744
1779795449274
1779795449806
1779795450337
1779795450888
1779795451446
1779795451985
1779795452517
1779795453064
1779795453605
1779795454177
1779795454690
1779795455216
1779795455779
1779795456320
1779795456863
1779795457401
1779795457950
1779795458483
1779795459051
1779795463216
1779795463782
1779795464325
1779795464884
1779795465412
1779795465977
1779795466505
1779795467039
1779795467582
1779795468124
1779795468673
1779795469261
1779795469802
1779795470341
1779795470897
1779795471430
1779795472001
1779795472569
1779795473123
1779795473664
1779795474201
1779795474763
1779795475277
1779795475814
1779795476350
1779795476908
1779795477398
1779795477987
1779795478502
1779795479053
1779795479608
1779795480162
1779795480722
1779795481226
1779795481796
1779795482333
1779795482903
1779795483416
1779795483973
1779795484502
1779795485051
1779795485599
1779795486128
1779795486670
1779795487176
1779795487734
1779795488284
1779795488830
1779795489360
1779795489916
1779795490430
1779795491006
1779795491556
1779795492101
1779795492679
1779795493206
1779795493763
1779795494306
1779795494857
1779795495377
1779795495941
1779795496432
1779795496981
1779795497506
1779795498045
1779795498588
1779795499138
1779795499677
1779795500208
1779795500793
1779795501313
1779795501872
1779795502411
1779795502969
1779795503492
1779795504046
1779795504586
1779795505133
1779795505661
1779795506195
1779795506735
1779795507280
1779795507832
1779795508358
1779795508907
1779795509403
1779795509938
1779795510486
1779795511049
1779795511592
1779795512132
1779795512683
1779795513193
1779795513755
1779795514293
1779795514852
1779795515385
1779795515919
1779795516445
1779795516980
1779795521095
1779795521442
1779795521669
1779802554275
1779802556828
1779802557262
1779802557679
1779802558350
1779802558866
1779802559308
1779802559758
1779802560159
1779802560762
1779802561184
1779802561635
1779802562063
1779802562467
1779802566764
1779802570435
1779802571669
1779802572262
1779802572929
1779802574013
1779802576592
1779802577782
1779802579239
1779802580006
1779802580883
1779802581470
1779802581987
1779802582388
1779802582849
1779802583424
1779802583922
1779802584379
1779802584821
1779802585201
1779802585673
1779802586087
1779802586602
1779802586977
1779802587392
1779802587899
1779802588350
1779802589101
1779802589631
1779802590072
1779802590517
1779802590899
1779802591438
1779802591899
1779802592326
1779802593114
1779802594381
1779802594808
1779802595216
1779802595601
1779802595950
1779802596333
1779802596718
1779802597113
1779802597523
1779802597976
1779802598475
1779802598921
1779802599403
1779802599783
1779802600153
1779802600552
1779802600939
1779802601297
1779802601682
1779802602075
1779802602457
1779802602817
1779802603192
1779802603603
1779802603990
1779802604408
1779802605036
1779802605520
1779802606153
1779802606550
1779802606918
1779802607283
1779802607650
1779802608013
1779802608400
1779802608771
1779802609120
1779802609489
1779802609851
1779802610231
1779802610646
1779802611041
1779802611460
1779802612121
1779802612614
1779802613013
1779802613417
1779802626229
1779802626492
1779802626751
1779802627024
1779802627277
1779802627519
1779802627777
1779802628032
1779802628305
1779802628544
1779802628795
1779802629053
1779802629325
1779802629565
1779802629811
1779802630101
1779802630439
1779802630847
1779802631312
1779802632041
1779802632513
1779802633079
1779802633801
1779802634513
1779802635217
1779802635672
1779802636847
1779802637381
1779802638224
1779802639437
1779802640123
1779802640756
1779802641676
1779802642657
1779802643252
1779802643879
1779802644426
1779802644978
1779802645471
1779802646029
1779802646518
1779802647031
1779802647587
1779802648099
1779802648592
1779802649168
1779802649744
1779802650332
1779802650900
1779802651446
1779802652149
1779802652765
1779802653343
1779802654007
1779802654682
1779802655346
1779802656107
1779802656733
1779802657275
1779802657809
1779802658321
1779802658938
1779802659563
1779802660311
1779802660986
1779802662396
1779802663036
1779802663682
1779802664220
1779802664667
1779802665087
1779802665524
1779802665975
1779802666439
1779802666923
1779802667364
1779802667903
1779802668517
1779802668997
1779802669514
1779802670064
1779802670586
1779802671061
1779802671469
1779802671844
1779802672241
1779802672672
1779802673192
1779802673708
1779802674208
1779802674723
1779802675233
1779802675767
1779802676239
1779802676764
1779802677321
1779802677786
1779802678275
1779802678789
1779802679287
1779802683199
1779802683709
1779802684231
1779802684712
1779802685244
1779802685759
1779802686259
1779802686836
1779802687336
1779802687879
1779802688433
1779802688984
1779802689514
1779802690074
1779802690576
1779802691099
1779802691640
1779802692152
1779802692576
1779802693053
1779802693474
1779802693955
1779802694474
1779802694916
1779802695321
1779802695823
1779802696245
1779802696705
1779802697098
1779802697534
1779802697951
1779802698453
1779802699006
1779802699585
1779802700094
1779802700635
1779802701126
1779802701690
1779802702185
1779802702688
1779802703166
1779802703658
1779802704143
1779802704642
1779802705233
1779802705758
1779802706258
1779802706743
1779802707259
1779802707757
1779802708276
1779802708786
1779802709293
1779802709787
1779802710321
1779802710875
1779802711397
1779802711935
1779802712413
1779802712953
1779802713472
1779802714015
1779802714516
1779802715047
1779802715593
1779802716067
1779802716593
1779802717101
1779802717603
1779802718112
1779802718641
1779802719186
1779802719715
1779802720246
1779802720780
1779802721258
1779802721804
1779802722324
1779802722836
1779802723355
1779802723857
1779802724355
1779802724869
1779802725374
1779802725913
1779802726433
1779802726967
1779802727463
1779802728012
1779802728539
1779802729076
1779802729564
1779802730050
1779802730611
1779802731174
1779802731732
1779802732302
1779802732842
1779802733471
1779802733963
1779802738074
1779802738640
1779802739164
1779802739679
1779802740210
1779802740791
1779802741326
1779802741823
1779802742348
1779802742964
1779802743497
1779802744023
1779802744566
1779802745070
1779802745643
1779802746147
1779802746705
1779802747258
1779802747837
1779802748386
1779802748925
1779802749467
1779802749994
1779802750543
1779802751101
1779802751674
1779802752194
1779802752726
1779802753132
1779802753535
1779802753917
1779802754324
1779802754828
1779802755317
1779802755898
1779802756426
1779802756966
1779802757525
1779802758032
1779802758577
1779802759069
1779802759598
1779802760118
1779802760649
1779802761166
1779802761746
1779802762284
1779802762825
1779802763353
1779802763885
1779802764445
1779802764973
1779802765471
1779802766033
1779802766579
1779802767073
1779802767629
1779802768125
1779802768677
1779802769187
1779802769715
1779802770227
1779802770752
1779802771279
1779802771806
1779802772356
1779802772915
1779802773497
1779802774046
1779802774510
1779802775002
1779802775582
1779802776097
1779802776657
1779802777244
1779802777819
1779802778379
1779802778949
1779802779490
1779802779995
1779802780504
1779802781038
1779802781604
1779802782090
1779802782527
1779802782947
1779802783506
1779802784026
1779802784576
1779802785046
1779802785601
1779802786092
1779802786683
1779802787209
1779802787713
1779802788207
1779802788761
1779802789389
1779802789906
1779802790514
1779802795339
1779802795876
1779802796271
1779802796764
1779802797275
1779802797810
1779802798311
1779802798893
1779802799431
1779802799901
1779802800423
1779802800943
1779802801514
1779802802059
1779802802606
1779802803122
1779802803670
1779802804196
1779802804656
1779802805106
1779802805648
1779802806149
1779802806699
1779802807226
1779802807762
1779802808276
1779802808789
1779802809299
1779802809895
1779802810413
1779802810989
1779802811508
1779802812014
1779802812579
1779802813062
1779802813623
1779802814144
1779802814706
1779802815192
1779802815739
1779802816266
1779802816826
1779802817299
1779802817826
1779802818344
1779802818938
1779802819436
1779802819951
1779802820472
1779802820990
1779802821512
1779802821990
1779802822529
1779802823052
1779802823608
1779802824132
1779802824676
1779802825195
1779802825752
1779802826296
1779802826794
1779802827353
1779802827835
1779802828370
1779802828936
1779802829431
1779802829931
1779802830409
1779802830961
1779802831487
1779802831985
1779802832564
1779802833099
1779802833653
1779802834178
1779802834701
1779802835242
1779802835794
1779802836311
1779802836865
1779802837347
1779802837846
1779802838361
1779802838923
1779802839415
1779802839923
1779802840436
1779802840954
1779802841505
1779802842031
1779802842558
1779802843060
1779802843630
1779802844117
1779802844678
1779802845201
1779802845802
1779802846320
1779802846891
1779802847383
1779802851110
1779802851647
1779802852125
1779802852678
1779802853163
1779802853761
1779802854270
1779802854801
1779802855302
1779802855831
1779802856245
1779802856797
1779802857268
1779802857795
1779802858246
1779802858691
1779802859087
1779802859570
1779802860009
1779802860526
1779802860974
1779802861461
1779802861977
1779802862485
1779802863015
1779802863603
1779802864115
1779802864669
1779802865149
1779802865689
1779802866180
1779802866743
1779802867234
1779802867793
1779802868323
1779802868882
1779802869397
1779802869971
1779802870501
1779802871056
1779802871603
1779802872072
1779802872613
1779802873140
1779802873702
1779802874206
1779802874689
1779802875199
1779802875732
1779802876224
1779802876759
1779802877292
1779802877876
1779802878427
1779802879021
1779802879507
1779802880046
1779802880575
1779802881105
1779802881626
1779802882047
1779802882636
1779802883148
1779802883723
1779802884224
1779802884800
1779802885285
1779802885856
1779802886214
1779802886706
1779802887132
1779802887666
1779802888208
1779802888778
1779802889262
1779802889813
1779802890326
1779802890883
1779802891401
1779802891973
1779802892472
1779802893013
1779802893524
1779802894029
1779802894587
1779802895161
1779802895730
1779802896220
1779802896775
1779802897316
1779802897957
1779802898477
1779802899024
1779802899553
1779802900095
1779802900623
1779802901172
1779802901705
1779802902165
1779802902748
1779802906305
1779802906853
1779802907355
1779802907931
1779802908421
1779802908982
1779802909492
1779802910070
1779802910601
1779802911104
1779802911676
1779802912182
1779802912727
1779802913230
1779802913779
1779802914296
1779802914851
1779802915313
1779802915829
1779802916254
1779802916831
1779802917336
1779802917892
1779802918389
1779802918930
1779802919447
1779802920001
1779802920524
1779802921034
1779802921579
1779802922125
1779802922667
1779802923207
1779802923752
1779802924266
1779802924787
1779802925328
1779802925886
1779802926357
1779802926894
1779802927359
1779802927924
1779802928442
1779802928985
1779802929519
1779802930089
1779802930640
1779802931169
1779802931763
1779802932291
1779802932846
1779802933371
1779802933920
1779802934400
1779802934975
1779802935481
1779802936033
1779802936523
1779802937079
1779802937638
1779802938171
1779802938713
1779802939247
1779802939813
1779802940337
1779802940895
1779802941403
1779802941957
1779802942481
1779802943034
1779802943571
1779802944107
1779802944667
1779802945183
1779802945700
1779802946258
1779802946810
1779802947289
1779802947822
1779802948351
1779802948926
1779802949445
1779802950025
1779802950515
1779802951036
1779802951560
1779802952069
1779802952615
1779802953138
1779802953654
1779802954183
1779802954677
1779802955214
1779802955745
1779802956253
1779802956837
1779802957353
1779802957901
1779802958385
1779802959019
1779802962825
1779802963371
1779802963903
1779802964422
1779802964953
1779802965452
1779802965987
1779802966497
1779802967052
1779802967594
1779802968147
1779802968685
1779802969257
1779802969702
1779802970245
1779802970774
1779802972327
1779802972871
1779802973392
1779802973903
1779802974475
1779802975019
1779802975534
1779802976047
1779802976702
1779802977211
1779802977790
1779802978294
1779802978838
1779802979355
1779802979917
1779802980461
1779802981014
1779802981538
1779802982067
1779802982631
1779802983168
1779802983737
1779802984268
1779802984829
1779802985353
1779802985907
1779802986397
1779802986969
1779802987503
1779802988056
1779802988610
1779802989141
1779802989703
1779802990227
1779802990782
1779802991307
1779802991845
1779802992377
1779802992923
1779802993444
1779802993990
1779802994516
1779802995090
1779802995639
1779802996172
1779802996732
1779802997239
1779802997809
1779802998342
1779802998891
1779802999364
1779802999917
1779803000445
1779803000997
1779803001492
1779803002042
1779803002590
1779803003124
1779803003719
1779803004310
1779803004907
1779803005491
1779803006078
1779803006705
1779803007269
1779803007808
1779803008341
1779803008904
1779803009409
1779803009947
1779803010463
1779803011016
1779803011540
1779803012081
1779803012636
1779803013161
1779803013703
1779803014239
1779803014791
1779803015313
1779803015887
1779803016411
1779803016991
1779803017521
1779803021719
1779803022275
1779803022827
1779803023391
1779803023952
1779803024488
1779803025051
1779803025607
1779803026130
1779803026676
1779803027218
1779803027764
1779803028304
1779803028872
1779803029401
1779803029941
1779803030510
1779803031054
1779803031570
1779803032087
1779803032663
1779803033188
1779803033754
1779803034280
1779803034807
1779803035329
1779803035924
1779803036428
1779803036983
1779803037529
1779803038079
1779803038608
1779803039159
1779803039671
1779803040229
1779803040786
1779803041295
1779803041851
1779803042377
1779803042923
1779803043466
1779803044012
1779803044586
1779803045126
1779803045682
1779803046207
1779803046731
1779803047233
1779803047760
1779803048308
1779803048868
1779803049406
1779803049954
1779803050456
1779803051007
1779803051580
1779803052119
1779803052672
1779803053229
1779803053783
1779803054323
1779803054873
1779803055396
1779803055940
1779803056476
1779803057003
1779803057578
1779803058109
1779803058639
1779803059173
1779803059732
1779803060266
1779803060797
1779803061289
1779803061838
1779803062343
1779803062894
1779803063416
1779803063969
1779803064490
1779803064995
1779803065513
1779803066042
1779803066726
1779803067267
1779803067828
1779803068357
1779803068911
1779803069440
1779803069998
1779803070495
1779803071024
1779803071580
1779803072113
1779803072658
1779803073216
1779803073743
1779803074266
1779803074834
1779803075354
1779803079163
1779803079689
1779803080202
1779803080679
1779803081181
1779803081709
1779803082243
1779803082812
1779803083337
1779803083893
1779803084426
1779803084950
1779803085489
1779803086028
1779803086581
1779803087086
1779803087637
1779803088165
1779803088720
1779803089234
1779803089751
1779803090280
1779803090835
1779803091349
1779803091899
1779803092413
1779803092966
1779803093500
1779803094019
1779803094572
1779803095105
1779803095682
1779803096263
1779803096807
1779803097340
1779803097889
1779803098418
1779803098913
1779803099205
1779803099516
1779803099866
1779803100173
1779803100465
1779803100791
1779803101185
1779803101571
1779803101919
1779803102200
1779803102568
1779803102853
1779803103104
1779803103406
1779803103907
1779803104420
1779803105083
1779803105623
1779803106200
1779803106829
1779803107352
1779803107927
1779803108507
1779803109120
1779803109727
1779803110263
1779803110821
1779803111396
1779803111982
1779803112486
1779803113070
1779803113655
1779803114190
1779803114879
1779803115370
1779803115997
1779803116528
1779803117085
1779803117715
1779803118282
1779803118872
1779803119409
1779803120033
1779803120621
1779803121202
1779803121830
1779803122366
1779803122981
1779803123563
1779803124158
1779803124796
1779803125371
1779803126096
1779803126714
1779803127300
1779803128211
1779803128897
1779803129342
1779803130192
1779803131058
1779803131703
1779803132146
1779803137473
1779803138560
1779803139373
1779803139935
1779803140473
1779803141293
1779803142062
1779803142798
1779803143426
1779803143905
1779803144377
1779803144983
1779803145528
1779803146107
1779803146622
1779803147171
1779803147730
1779803148230
1779803148807
1779803149243
1779803149795
1779803150309
1779803150843
1779803151308
1779803151860
1779803152343
1779803152924
1779803153406
1779803153905
1779803154280
1779803154789
1779803155193
1779803155692
1779803156099
1779803156477
1779803156836
1779803157263
1779803157853
1779803158310
1779803158846
1779803159292
1779803159868
1779803160344
1779803160989
1779803161397
1779803161975
1779803162411
1779803162942
1779803163362
1779803163885
1779803164362
1779803164856
1779803165323
1779803165823
1779803166276
1779803166802
1779803167253
1779803167767
1779803168254
1779803168731
1779803169251
1779803169777
1779803170254
1779803170816
1779803171353
1779803171914
1779803172408
1779803172985
1779803173440
1779803173995
1779803174487
1779803175043
1779803175591
1779803176009
1779803176441
1779803176989
1779803177533
1779803178102
1779803178586
1779803179076
1779803179633
1779803180165
1779803180689
1779803181184
1779803181702
1779803182227
1779803182742
1779803183256
1779803183757
1779803184270
1779803184821
1779803185345
1779803185932
1779803186333
1779803186891
1779803187388
1779803187885
1779803188443
1779803188921
1779803189375
1779803193145
1779803193625
1779803194147
1779803194663
1779803195209
1779803195734
1779803196268
1779803196777
1779803197273
1779803197811
1779803198290
1779803198839
1779803199381
1779803199926
1779803200478
1779803201054
1779803201616
1779803202150
1779803202670
1779803203158
1779803203752
1779803204134
1779803204673
1779803205205
1779803205731
1779803206302
1779803206868
1779803207408
1779803207956
1779803208447
1779803209037
1779803209529
1779803210038
1779803210543
1779803211112
1779803211582
1779803212109
1779803212797
1779803213409
1779803214752
1779803216134
1779803217057
1779803218406
1779803219398
1779803220325
1779803220919
1779803221709
1779803222364
1779803222924
1779803223590
1779803224111
1779803224542
1779803224978
1779803225418
1779803225908
1779803226398
1779803226813
1779803227238
1779803227658
1779803228111
1779803228630
1779803229209
1779803229644
1779803230108
1779803230584
1779803231030
1779803231508
1779803232075
1779803232539
1779803233026
1779803233556
1779803234108
1779803234567
1779803235097
1779803235667
1779803236193
1779803236716
1779803237265
1779803237776
1779803238344
1779803238873
1779803239421
1779803239956
1779803240447
1779803240991
1779803241507
1779803242085
1779803242595
1779803243128
1779803243670
1779803244230
1779803244734
1779803245251
1779803245780
1779803246303
1779803246848
1779803247374
1779803247930
1779803248423
1779803248961
1779803252476
1779803253017
1779803253475
1779803254005
1779803254531
1779803255047
1779803255596
1779803256110
1779803256655
1779803257150
1779803257634
1779803258163
1779803258665
1779803259201
1779803259721
1779803260250
1779803260750
1779803261300
1779803261830
1779803262356
1779803262842
1779803263363
1779803263900
1779803264441
1779803264982
1779803265498
1779803266025
1779803266555
1779803267037
1779803267593
1779803268031
1779803268553
1779803269107
1779803269657
1779803270172
1779803270719
1779803271150
1779803271697
1779803272217
1779803272765
1779803273282
1779803273755
1779803274288
1779803274824
1779803275371
1779803275874
1779803276281
1779803276783
1779803277287
1779803277790
1779803278259
1779803278785
1779803279295
1779803279781
1779803280311
1779803280832
1779803281337
1779803281897
1779803282318
1779803282743
1779803283130
1779803283610
1779803284177
1779803284766
1779803285323
1779803285845
1779803286374
1779803286878
1779803287365
1779803287904
1779803288412
1779803288911
1779803289411
1779803289943
1779803290467
1779803291013
1779803291553
1779803292068
1779803292558
1779803292968
1779803293363
1779803293792
1779803294246
1779803294753
1779803295304
1779803295844
1779803296362
1779803296882
1779803297399
1779803297921
1779803298451
1779803298960
1779803299506
1779803299937
1779803300465
1779803301024
1779803301649
1779803302143
1779803302668
1779803303191
1779803307336
1779803307835
1779803308367
1779803308905
1779803309432
1779803310003
1779803310589
1779803311109
1779803311683
1779803312213
1779803312752
1779803313271
1779803313800
1779803314359
1779803314849
1779803315363
1779803315859
1779803316373
1779803316898
1779803317452
1779803317992
1779803318536
1779803319031
1779803319614
1779803320130
1779803320645
1779803321158
1779803321692
1779803322201
1779803322739
1779803323263
1779803323762
1779803324270
1779803324823
1779803325319
1779803325866
1779803326353
1779803326884
1779803327392
1779803327921
1779803328459
1779803328940
1779803329503
1779803330033
1779803330614
1779803331195
1779803331728
1779803332238
1779803332811
1779803333346
1779803333815
1779803334347
1779803334892
1779803335397
1779803335980
1779803336524
1779803337038
1779803337607
1779803338137
1779803338737
1779803339255
1779803339831
1779803340394
1779803340955
1779803341439
1779803341935
1779803342462
1779803343035
1779803343593
1779803344205
1779803344824
1779803345341
1779803345879
1779803346467
1779803347177
1779803347921
1779803348497
1779803349096
1779803349782
1779803350369
1779803351058
1779803352207
1779803352948
1779803353567
1779803354032
1779803354671
1779803355354
1779803355967
1779803356565
1779803357106
1779803357685
1779803358198
1779803358750
1779803359241
1779803359766
1779803360288
1779803360856
1779803361352
1779803361864
1779803362381
1779803366149
1779803366728
1779803367208
1779803367787
1779803368310
1779803368876
1779803369393
1779803369929
1779803370422
1779803371005
1779803371570
1779803372079
1779803372631
1779803373121
1779803373662
1779803374176
1779803374724
1779803375215
1779803375782
1779803376256
1779803376887
1779803377364
1779803377903
1779803378414
1779803379001
1779803379542
1779803379994
1779803380500
1779803380912
1779803381351
1779803381851
1779803382367
1779803382957
1779803383491
1779803384188
1779803384788
1779803385371
1779803386052
1779803386657
1779803387151
1779803387697
1779803388219
1779803388771
1779803389264
1779803389893
1779803390502
1779803391171
1779803391823
1779803392383
1779803392917
1779803393378
1779803393974
1779803394497
1779803395078
1779803395585
1779803396044
1779803396688
1779803397231
1779803397826
1779803398361
1779803398954
1779803399513
1779803400081
1779803400675
1779803401143
1779803401698
1779803402201
1779803402739
1779803403242
1779803403808
1779803404329
1779803404858
1779803405349
1779803405897
1779803406370
1779803406913
1779803407405
1779803407991
1779803408484
1779803409056
1779803409673
1779803410192
1779803410735
1779803411212
1779803411774
1779803412355
1779803412894
1779803413529
1779803414144
1779803414720
1779803415457
1779803416024
1779803416701
1779803417300
1779803417956
1779803418517
1779803419105
1779803419622
1779803420197
1779803420896
1779803424725
1779803425287
1779803425841
1779803426378
1779803426989
1779803427493
1779803428137
1779803428859
1779803429465
1779803430180
1779803430851
1779803431418
1779803432067
1779803432782
1779803433331
1779803434571
1779803436051
1779803437848
1779803438985
1779803439440
1779803439879
1779803440570
1779803441059
1779803441563
1779803442094
1779803442635
1779803443179
1779803443839
1779803444401
1779803445066
1779803445700
1779803446253
1779803446909
1779803447425
1779803448183
1779803448858
1779803449376
1779803449976
1779803450512
1779803451079
1779803451568
1779803452073
1779803452628
1779803453171
1779803453729
1779803454262
1779803454854
1779803455328
1779803455914
1779803456321
1779803456861
1779803457351
1779803457891
1779803458389
1779803459088
1779803459930
1779803460487
1779803461322
1779803462168
1779803462870
1779803463284
1779803463741
1779803464186
1779803464705
1779803465221
1779803465922
1779803466562
1779803486481
1779803487010
1779803487578
1779803488069
1779803488590
1779803489078
1779803489539
1779803491005
1779803492379
1779803493119
1779803493583
1779803494027
1779803494467
1779803494897
1779803495320
1779803495777
1779803496227
1779803496687
1779803497107
1779803497588
1779803498034
1779803498472
1779803498876
1779803499384
1779803499963
1779803500390
1779803500964
1779803501506
1779803502061
1779803502629
1779803503173
1779803503659
1779803504219
1779803504773
1779803505323
1779803505854
1779803506303
1779803506837
1779803507246
1779803507771
1779803508346
1779803508855
1779803509404
1779803509955
1779803510483
1779803511043
1779803511581
1779803512128
1779803512750
1779803513311
1779803513860
1779803514406
1779803514993
1779803515562
1779803516088
1779803516513
1779803516971
1779803517563
1779803518056
1779803518618
1779803519155
1779803519669
1779803520207
1779803520718
1779803521232
1779803521846
1779803522368
1779803522925
1779803523453
1779803524029
1779803524628
1779803525171
1779803525729
1779803526326
1779803526884
1779803527332
1779803527885
1779803528531
1779803529102
1779803529631
1779803530157
1779803530636
1779803531147
1779803531652
1779803532193
1779803532768
1779803533318
1779803533836
1779803534369
1779803534924
1779803535461
1779803535992
1779803536487
1779803537051
1779803537576
1779803538121
1779803538636
1779803539169
1779803539680
1779803540198
1779803546138
1779803546857
1779803547399
1779803548044
1779803549274
1779803550720
1779803551400
1779803551955
1779803552563
1779803553302
1779803553880
1779803554530
1779803555300
1779803555962
1779803556706
1779803557355
1779803557941
1779803558435
1779803558989
1779803559575
1779803560124
1779803560692
1779803561255
1779803561852
1779803562523
1779803563224
1779803563781
1779803564325
1779803565072
1779803565756
1779803566432
1779803567067
1779803567814
1779803568498
1779803569127
1779803569699
1779803570378
1779803570981
1779803571587
1779803572283
1779803573643
1779803574551
1779803575408
1779803575911
1779803576322
1779803576853
1779803577341
1779803577813
1779803578369
1779803578952
1779803579469
1779803580063
1779803580668
1779803581328
1779803581935
1779803582489
1779803583081
1779803583720
1779803585317
1779803586701
1779803587865
1779803588540
1779803589179
1779803589794
1779803590730
1779803591852
1779803592438
1779803592996
1779803593547
1779803594103
1779803594683
1779803595179
1779803595728
1779803596278
1779803596822
1779803597359
1779803597922
1779803598481
1779803599013
1779803599558
1779803600047
1779803600571
1779803601110
1779803601677
1779803602216
1779803602750
1779803603306
1779803603801
1779803604345
1779803604912
1779803605376
1779803605922
1779803606433
1779803606990
1779803607530
1779803608071
1779803608616
1779803609116
1779803609696
1779803610200
1779803614198
1779803614740
1779803615224
1779803615813
1779803616347
1779803617073
1779803617733
1779803618293
1779803619033
1779803620142
1779803622497
1779803623579
1779803624250
1779803624907
1779803625508
1779803626184
1779803626830
1779803627536
1779803628164
1779803628833
1779803629445
1779803630023
1779803630563
1779803631250
1779803631923
1779803632566
1779803633272
1779803633866
1779803634517
1779803635177
1779803635800
1779803636243
1779803636890
1779803637332
1779803637992
1779803638614
1779803639134
1779803639810
1779803640456
1779803641042
1779803641721
1779803642352
1779803642939
1779803643561
1779803644031
1779803644587
1779803645100
1779803645910
1779803646561
1779803647176
1779803648372
1779803648881
1779803649344
1779803650346
1779803651487
1779803652107
1779803652724
1779803653374
1779803653924
1779803654542
1779803655125
1779803655737
1779803656318
1779803657043
1779803657548
1779803658141
1779803658888
1779803659546
1779803660161
1779803660825
1779803661373
1779803661984
1779803662645
1779803663307
1779803663968
1779803664619
1779803665344
1779803666012
1779803666611
1779803667171
1779803667871
1779803668573
1779803669145
1779803669825
1779803670708
1779803671959
1779803673231
1779803674405
1779803674974
1779803675589
1779803676185
1779803676801
1779803677383
1779803678086
1779803678664
1779803679313
1779803680203
1779803682375
1779803683219
1779803683767
1779803687668
1779803688271
1779803688849
1779803689419
1779803690052
1779803690792
1779803691269
1779803691775
1779803692251
1779803692877
1779803693534
1779803694222
1779803694904
1779803695529
1779803696197
1779803697784
1779803698999
1779803699546
1779803700141
1779803700953
1779803701607
1779803702622
1779803703212
1779803703858
1779803704457
1779803705031
1779803705536
1779803706019
1779803706628
1779803707226
1779803707956
1779803708576
1779803709153
1779803709805
1779803710310
1779803710935
1779803711603
1779803712181
1779803712782
1779803713318
1779803713955
1779803714541
1779803715128
1779803715815
1779803716347
1779803716932
1779803717585
1779803718146
1779803718851
1779803719446
1779803720096
1779803720874
1779803722177
1779803723076
1779803723845
1779803724403
1779803725167
1779803725887
1779803726491
1779803727143
1779803727727
1779803728214
1779803728755
1779803729344
1779803729937
1779803730482
1779803731047
1779803731599
1779803732191
1779803733190
1779803734254
1779803735350
1779803735815
1779803736397
1779803737035
1779803737828
1779803738423
1779803739081
1779803739772
1779803740419
1779803741037
1779803741722
1779803742422
1779803743082
1779803743617
1779803744131
1779803744643
1779803745138
1779803745753
1779803746369
1779803747039
1779803747593
1779803748134
1779803748779
1779803749517
1779803750161
1779803750754
1779803751482
1779994033512
1779994198292
1779994199124
1779994199651
1779994200269
1779994200817
1779994201358
1779994201956
1779994202572
1779994203185
1779994203878
1779994204498
1779994205182
1779994205722
1779994206320
1779994206960
1779994207617
1779994208242
1779994208922
1779994209599
1779994210324
1779994210879
1779994211440
1779994212037
1779994212703
1779994213218
1779994213849
1779994214574
1779994215199
1779994215905
1779994216510
1779994217224
1779994217951
1779994218513
1779994219098
1779994219805
1779994220420
1779994221444
1779994222133
1779994222807
1779994223504
1779994224175
1779994224823
1779994225527
1779994226220
1779994227369
1779994228197
1779994228924
1779994229547
1779994230160
1779994230952
1779994231542
1779994232188
1779994232921
1779994233565
1779994234164
1779994235203
1779994235778
1779994236297
1779994236977
1779994237532
1779994238190
1779994238914
1779994239534
1779994240205
1779994240913
1779994241826
1779994242375
1779994243147
1779994243889
1779994244524
1779994245402
1779994246425
1779994247606
1779994248249
1779994249055
1779994249601
1779994250143
1779994250799
1779994251512
1779994252266
1779994252860
1779994253472
1779994254085
1779994255133
1779994255970
1779994256694
1779994257416
1779994258074
1779994258840
1779994259582
1779994260387
1779994261122
1779994261933
1779994262594
1779994263336
1779994264131
1779994264822
1779994265523
1779994266238
1779994273979
1779994274571
1779994275375
1779994275932
1779994276618
1779994277281
1779994277991
1779994278568
1779994279269
1779994279952
1779994280449
1779994281085
1779994281785
1779994283050
1779994283957
1779994284576
1779994285514
1779994286216
1779994286909
1779994287547
1779994288364
1779994289631
1779994290152
1779994290827
1779994291868
1779994292647
1779994293716
1779994294399
1779994295122
1779994295833
1779994296519
1779994297521
1779994298352
1779994298932
1779994299343
1779994300002
1779994300617
1779994301374
1779994302219
1779994302707
1779994303370
1779994304013
1779994304658
1779994305176
1779994305825
1779994306418
1779994306996
1779994307512
1779994308399
1779994309682
1779994310362
1779994311213
1779994312016
1779994312543
1779994313280
1779994314478
1779994315045
1779994315563
1779994316085
1779994316621
1779994317212
1779994317850
1779994318347
1779994318908
1779994319466
1779994319933
1779994320498
1779994321029
1779994321619
1779994322199
1779994322764
1779994323376
1779994323981
1779994324499
1779994325084
1779994325596
1779994326119
1779994326658
1779994327149
1779994327667
1779994328190
1779994328768
1779994329301
1779994329882
1779994330334
1779994330835
1779994331293
1779994331854
1779994332312
1779994332906
1779994333403
1779994333771
1779994334211
1779994334730
1779994335207
1779994335673
1779994336211
1779994336690
1779994337299
1779994337811
1779994341814
1779994342331
1779994342840
1779994343467
1779994343906
1779994344685
1779994345427
1779994345861
1779994346387
1779994346974
1779994347509
1779994347975
1779994348720
1779994349383
1779994350090
1779994350959
1779994351518
1779994352248
1779994352725
1779994354105
1779994354905
1779994355627
1779994356478
1779994362458
1779994364408
1779994364990
1779994365430
1779994365950
1779994366487
1779994367081
1779994367648
1779994368214
1779994368799
1779994369357
1779994369999
1779994370513
1779994371082
1779994371607
1779994372136
1779994372666
1779994373217
1779994373753
1779994374280
1779994374886
1779994375445
1779994376091
1779994376729
1779994377336
1779994377937
1779994378518
1779994379291
1779994379935
1779994380384
1779994380898
1779994381966
1779994382696
1779994383361
1779994384063
1779994385041
1779994385707
1779994386355
1779994387058
1779994387804
1779994388472
1779994389158
1779994389875
1779994390523
1779994391275
1779994392010
1779994392727
1779994393312
1779994393859
1779994394435
1779994394971
1779994395480
1779994396039
1779994396599
1779994397253
1779994397849
1779994398348
1779994398869
1779994399399
1779994400005
1779994400612
1779994401194
1779994401724
1779994402200
1779994402549
1779994402856
1779994403314
1779994403877
1779994404402
1779994405096
1779994405589
1779994406122
1779994406650
1779994407149
1779994409263
1779994410765
1779994411316
1779994414968
1779994416091
1779994417888
1779994420056
1779994422668
1779994423164
1779994423649
1779994424081
1779994424562
1779994424991
1779994425461
1779994425903
1779994426302
1779994426751
1779994427182
1779994427775
1779994428302
1779994428781
1779994429343
1779994429881
1779994430424
1779994431007
1779994431540
1779994432101
1779994432667
1779994433187
1779994433721
1779994434265
1779994434854
1779994435429
1779994435919
1779994436416
1779994436934
1779994437449
1779994437994
1779994438437
1779994438972
1779994439501
1779994440059
1779994440625
1779994441194
1779994441683
1779994442332
1779994442859
1779994443432
1779994443996
1779994444515
1779994445026
1779994445575
1779994446088
1779994446670
1779994447167
1779994447727
1779994448246
1779994448821
1779994449325
1779994449851
1779994450394
1779994450892
1779994451430
1779994451960
1779994452568
1779994453123
1779994453695
1779994454202
1779994454809
1779994455258
1779994455746
1779994456255
1779994456851
1779994457400
1779994457972
1779994458531
1779994459069
1779994459627
1779994460148
1779994460709
1779994461246
1779994461776
1779994462307
1779994462838
1779994463405
1779994464353
1779994465812
1779994466618
1779994467242
1779994467813
1779994468322
1779994468866
1779994469420
1779994469976
1779994470535
1779994471035
1779994471624
1779994472078
1779994472628
1779994473159
1779994473747
1779994474247
1779994474780
1779994478462
1779994479005
1779994479587
1779994480112
1779994480668
1779994481199
1779994481786
1779994482301
1779994482856
1779994483380
1779994483923
1779994484486
1779994485073
1779994485600
1779994486103
1779994486648
1779994487152
1779994487667
1779994488124
1779994488674
1779994489170
1779994489755
1779994490301
1779994490876
1779994491377
1779994491916
1779994492417
1779994492944
1779994493482
1779994494093
1779994494635
1779994495176
1779994495759
1779994496285
1779994496813
1779994497319
1779994497843
1779994498417
1779994498986
1779994499544
1779994500141
1779994500712
1779994501212
1779994501781
1779994502336
1779994502885
1779994503382
1779994503999
1779994504500
1779994505083
1779994505636
1779994506172
1779994506740
1779994508521
1779994511588
1779994512222
1779994512666
1779994513107
1779994513638
1779994514113
1779994514616
1779994515152
1779994515705
1779994516214
1779994516754
1779994517313
1779994517898
1779994518413
1779994519597
1779994520749
1779994521217
1779994521823
1779994522360
1779994522898
1779994524155
1779994525451
1779994525975
1779994526489
1779994527068
1779994527701
1779994528237
1779994528838
1779994529429
1779994530003
1779994530565
1779994531107
1779994531690
1779994532171
1779994532725
1779994533253
1779994533855
1779994534412
1779994535020
1779994535561
1779994536124
1779994536670
1779994537207
1779994537772
1779994538304
1779994538884
1779994542570
1779994543147
1779994543720
1779994544246
1779994544812
1779994545345
1779994545854
1779994546403
1779994546969
1779994547468
1779994548003
1779994548557
1779994549109
1779994549668
1779994550169
1779994550761
1779994551273
1779994551846
1779994552376
1779994552945
1779994553443
1779994553980
1779994554512
1779994555060
1779994555553
1779994556067
1779994556599
1779994557058
1779994557564
1779994558126
1779994558654
1779994559166
1779994559745
1779994560248
1779994560802
1779994561310
1779994561873
1779994562363
1779994562957
1779994563464
1779994564020
1779994564571
1779994565192
1779994565744
1779994566297
1779994566881
1779994567416
1779994568005
1779994568577
1779994569144
1779994569693
1779994570206
1779994570734
1779994571244
1779994571799
1779994572292
1779994572865
1779994573368
1779994573932
1779994574483
1779994575000
1779994575484
1779994575892
1779994576273
1779994576811
1779994577344
1779994577922
1779994578394
1779994578926
1779994579448
1779994580048
1779994580628
1779994581169
1779994581736
1779994582236
1779994582827
1779994583356
1779994583931
1779994584427
1779994585015
1779994585542
1779994586078
1779994586609
1779994587125
1779994587626
1779994588200
1779994588757
1779994589221
1779994589776
1779994590302
1779994590880
1779994591347
1779994591897
1779994592438
1779994593036
1779994593571
1779994594142
1779994594678
1779994595167
1779994595685
1779994599392
1779994599906
1779994600461
1779994601007
1779994601539
1779994602082
1779994602589
1779994603034
1779994603517
1779994604087
1779994604633
1779994605177
1779994605633
1779994606125
1779994606617
1779994607164
1779994607683
1779994608263
1779994608807
1779994609354
1779994609946
1779994610484
1779994611057
1779994611658
1779994612174
1779994612709
1779994613266
1779994613781
1779994614269
1779994614854
1779994615413
1779994615989
1779994616501
1779994617041
1779994617552
1779994618109
1779994618655
1779994619192
1779994619738
1779994620271
1779994620895
1779994621357
1779994621956
1779994622464
1779994622920
1779994623315
1779994623787
1779994624340
1779994624921
1779994625409
1779994625970
1779994626457
1779994627057
1779994627625
1779994628109
1779994628670
1779994629223
1779994629729
1779994630319
1779994630870
1779994631392
1779994631910
1779994632412
1779994632960
1779994633452
1779994633997
1779994634531
1779994635122
1779994635657
1779994636241
1779994636746
1779994637303
1779994637879
1779994638382
1779994639028
1779994639574
1779994640010
1779994640540
1779994641086
1779994641676
1779994642225
1779994642772
1779994643309
1779994643806
1779994644314
1779994644838
1779994645400
1779994645955
1779994646483
1779994647040
1779994647588
1779994648182
1779994648741
1779994649285
1779994649808
1779994650290
1779994650845
1779994651362
1779994651935
1779994652490
1779994658290
1779994658868
1779994659442
1779994659996
1779994660565
1779994661141
1779994661676
1779994662231
1779994662759
1779994663320
1779994663850
1779994664364
1779994664916
1779994665458
1779994666052
1779994666576
1779994667106
1779994667671
1779994668240
1779994668765
1779994669328
1779994669875
1779994670372
1779994670929
1779994671421
1779994671950
1779994672444
1779994673021
1779994673496
1779994674087
1779994674627
1779994675235
1779994675753
1779994676298
1779994676823
1779994677383
1779994677936
1779994678444
1779994678972
1779994679474
1779994680036
1779994680588
1779994681610
1779994682117
1779994682592
1779994683128
1779994683796
1779994684330
1779994684885
1779994685342
1779994685839
1779994686358
1779994686892
1779994687434
1779994687947
1779994688417
1779994688966
1779994689484
1779994690026
1779994690869
1779994691503
1779994692072
1779994692702
1779994693317
1779994693908
1779994694566
1779994695263
1779994695880
1779994696537
1779994697181
1779994697896
1779994698516
1779994699252
1779994700130
1779994701496
1779994702486
1779994703245
1779994703946
1779994704485
1779994705008
1779994705585
1779994706110
1779994706651
1779994707208
1779994707935
1779994708517
1779994709096
1779994709705
1779994710246
1779994710842
1779994711407
1779994711947
1779994712484
1779994713069
1779994713661
1779994714225
1779994714805
1779994715443
1779994716020
1779994716609
1779994720854
1779994721431
1779994722025
1779994722598
1779994723153
1779994723733
1779994724268
1779994724856
1779994725525
1779994726152
1779994726757
1779994727326
1779994727930
1779994728501
1779994729095
1779994729697
1779994730237
1779994730804
1779994731348
1779994731928
1779994732479
1779994733032
1779994733602
1779994734154
1779994734757
1779994735390
1779994735941
1779994736515
1779994737141
1779994737692
1779994738273
1779994738820
1779994739375
1779994739939
1779994740474
1779994741061
1779994741674
1779994742212
1779994742795
1779994743368
1779994743974
1779994744500
1779994745067
1779994745653
1779994746208
1779994746785
1779994747607
1779994749930
1779994750463
1779994750838
1779994751202
1779994751618
1779994751940
1779994752237
1779994754040
1779994754823
1779994755287
1779994755842
1779994756287
1779994756783
1779994757336
1779994757941
1779994758554
1779994759174
1779994759800
1779994760479
1779994761050
1779994762817
1779994763790
1779994764379
1779994764997
1779994765604
1779994766240
1779994766890
1779994768587
1779994769181
1779994769848
1779994770462
1779994771049
1779994771678
1779994772249
1779994772839
1779994773441
1779994774006
1779994774613
1779994775207
1779994775843
1779994776481
1779994777054
1779994777673
1779994778305
1779994778894
1779994779566
1779994780157
1779994780782
1779994781368
1779994782027
1779994782673
1779994783241
1779994783940
1779994788231
1779994788894
1779994789567
1779994790188
1779994790836
1779994791444
1779994792043
1779994792627
1779994793212
1779994793867
1779994794459
1779994795203
1779994795929
1779994796523
1779994797101
1779994797712
1779994798297
1779994798879
1779994799508
1779994799965
1779994800437
1779994801099
1779994801812
1779994802399
1779994803089
1779994803734
1779994804411
1779994805012
1779994805635
1779994806158
1779994806797
1779994807426
1779994808050
1779994808745
1779994809367
1779994809927
1779994811213
1779994812517
1779994813080
1779994813660
1779994814348
1779994815029
1779994817344
1779994817906
1779994818485
1779994819082
1779994819756
1779994820369
1779994820979
1779994821621
1779994822264
1779994822877
1779994823420
1779994824028
1779994824673
1779994825256
1779994825907
1779994826529
1779994827178
1779994827802
1779994828417
1779994829016
1779994829711
1779994830298
1779994830999
1779994831648
1779994832297
1779994832962
1779994833566
1779994834144
1779994834804
1779994835402
1779994836035
1779994836676
1779994837246
1779994837914
1779994838536
1779994839178
1779994839869
1779994840468
1779994841074
1779994841708
1779994842324
1779994842992
1779994844311
1779994845466
1779994846045
1779994846664
1779994847271
1779994848039
1779994849989
1779994850540
1779994851153
1779994851853
1779994852449
1779994853106
1779994853731
1779994854317
1779994854982
1779994855612
1779994859821
1779994862130
1779994862660
1779994863237
1779994863924
1779994864685
1779994866521
1779994867132
1779994867759
1779994868334
1779994868996
1779994869592
1779994870195
1779994872034
1779994872678
1779994873268
1779994873936
1779994874524
1779994875194
1779994875901
1779994877831
1779994878336
1779994878775
1779994879273
1779994879725
1779994880142
1779994880693
1779994881256
1779994881886
1779994882437
1779994883084
1779994883700
1779994884311
1779994884985
1779994885595
1779994886212
1779994886848
1779994887478
1779994888121
1779994888755
1779994889346
1779994890198
1779994890803
1779994891430
1779994892087
1779994892759
1779994893357
1779994893996
1779994894536
1779994895197
1779994895803
1779994896422
1779994897105
1779994897725
1779994898329
1779994899002
1779994899603
1779994900201
1779994900822
1779994901391
1779994902078
1779994902679
1779994903293
1779994903892
1779994904503
1779994905117
1779994905729
1779994906349
1779994907016
1779994907641
1779994908223
1779994908830
1779994909390
1779994909911
1779994911681
1779994912303
1779994912918
1779994913541
1779994914157
1779994914787
1779994915380
1779994916027
1779994916601
1779994917231
1779994917845
1779994918480
1779994919103
1779994919715
1779994920342
1779994921000
1779994921616
1779994922311
1779994922948
1779994923608
1779994924259
1779994924878
1779994925463
1779994926119
1779994926701
1779994927250
1779994932776
1779994933397
1779994934003
1779994934628
1779994935240
1779994935855
1779994936474
1779994937111
1779994937714
1779994938369
1779994938982
1779994939516
1779994940145
1779994940741
1779994941364
1779994941988
1779994942590
1779994943243
1779994943863
1779994944510
1779994945146
1779994945780
1779994946409
1779994947059
1779994947658
1779994948268
1779994948882
1779994949484
1779994950117
1779994950737
1779994951307
1779994951938
1779994952516
1779994953197
1779994953787
1779994954445
1779994955042
1779994955638
1779994956294
1779994956868
1779994957493
1779994958150
1779994958752
1779994959408
1779994960017
1779994960626
1779994961249
1779994961843
1779994962445
1779994963076
1779994963651
1779994964224
1779994964764
1779994965346
1779994965966
1779994966518
1779994967184
1779994967779
1779994968420
1779994969035
1779994969597
1779994970252
1779994970820
1779994971441
1779994972966
1779994973683
1779994974305
1779994974922
1779994975554
1779994976228
1779994976830
1779994977471
1779994978144
1779994978762
1779994979379
1779994979975
1779994980574
1779994981124
1779994981749
1779994982374
1779994982999
1779994983558
1779994984176
1779994984773
1779994985384
1779994985982
1779994986600
1779994987254
1779994987877
1779994988493
1779994989114
1779994989704
1779994990285
1779994990895
1779994991466
1779994992104
1779994992772
1779994993408
1779994993996
1779994994612
1779994998922
1779994999580
1779995000262
1779995000874
1779995001464
1779995002047
1779995002602
1779995003223
1779995003828
1779995004472
1779995005068
1779995005661
1779995006308
1779995006919
1779995007530
1779995008179
1779995008845
1779995009455
1779995010079
1779995010741
1779995011361
1779995011986
1779995014110
1779995014972
1779995015534
1779995016175
1779995016790
1779995017479
1779995018066
1779995018681
1779995019343
1779995019942
1779995020569
1779995021199
1779995021784
1779995022431
1779995022975
1779995023540
1779995024174
1779995024800
1779995025435
1779995026007
1779995026610
1779995027244
1779995027838
1779995028499
1779995029108
1779995029772
1779995030417
1779995031056
1779995031691
1779995032362
1779995032965
1779995033537
1779995034453
1779995036605
1779995038047
1779995038596
1779995039211
1779995039845
1779995040493
1779995041071
1779995041755
1779995042421
1779995043044
1779995043662
1779995045805
1779995046578
1779995047129
1779995047796
1779995048430
1779995048949
1779995049519
1779995050081
1779995050688
1779995051279
1779995051897
1779995052435
1779995053006
1779995053598
1779995054185
1779995054750
1779995055348
1779995056771
1779995058371
1779995059496
1779995060058
1779995061986
1779995062609
1779995063275
1779995063835
1779995064509
1779995065075
1779995065708
1779995066314
1779995066961
1779995067591
1779995068226
1779995068800
1779995069595
1779995073837
1779995074460
1779995075019
1779995075696
1779995076270
1779995076899
1779995077517
1779995078129
1779995078734
1779995080364
1779995081140
1779995081725
1779995082353
1779995084351
1779995085126
1779995085656
1779995086248
1779995086858
1779995087457
1779995087999
1779995088640
1779995089272
1779995089843
1779995090456
1779995091110
1779995091703
1779995092335
1779995092906
1779995093498
1779995094100
1779995094773
1779995095350
1779995095886
1779995096460
1779995097099
1779995097674
1779995098233
1779995098843
1779995099443
1779995100090
1779995100722
1779995101316
1779995101943
1779995102546
1779995103154
1779995103731
1779995104353
1779995104991
1779995105609
1779995106242
1779995106890
1779995107476
1779995108111
1779995108757
1779995109354
1779995109947
1779995110575
1779995111210
1779995111869
1779995112450
1779995113078
1779995113703
1779995114261
1779995114887
1779995115466
1779995116047
1779995116623
1779995117196
1779995117799
1779995118343
1779995118969
1779995119622
1779995120277
1779995120939
1779995121553
1779995122118
1779995122793
1779995123401
1779995123948
1779995124548
1779995125182
1779995125825
1779995126403
1779995127020
1779995127643
1779995128215
1779995128859
1779995129439
1779995130051
1779995130691
1779995132330
1779995133507
1779995134027
1779995134665
1779995135270
1779995135905
1779995136499
1779995137116
1779995137824
1779995138377
1779995142583
1779995143203
1779995143828
1779995144427
1779995146111
1779995147107
1779995147647
1779995148245
1779995148917
1779995149496
1779995150064
1779995150667
1779995151251
1779995151894
1779995152488
1779995153117
1779995153714
1779995154272
1779995154958
1779995155524
1779995156209
1779995156827
1779995157429
1779995157944
1779995158507
1779995159127
1779995159773
1779995160399
1779995161075
1779995161704
1779995162442
1779995164381
1779995164937
1779995165545
1779995166171
1779995166816
1779995167432
1779995168014
1779995169492
1779995171781
1779995172573
1779995173172
1779995173872
1779995174469
1779995175080
1779995176790
1779995177414
1779995178067
1779995178627
1779995179206
1779995179877
1779995180338
1779995180859
1779995181302
1779995181791
1779995182288
1779995183409
1779995184703
1779995185377
1779995185952
1779995188115
1779995190311
1779995191001
1779995191665
1779995192291
1779995192930
1779995193460
1779995194113
1779995194740
1779995195308
1779995195951
1779995196502
1779995197187
1779995197788
1779995198342
1779995198983
1779995199568
1779995200182
1779995200765
1779995201472
1779995202107
1779995202686
1779995203282
1779995203877
1779995204515
1779995205172
1779995205988
1779995206529
1779995207145
1779995207777
1779995208361
1779995208997
1779995209518
1779995210123
1779995210756
1779995211391
1779995212047
1779995212677
1779995213277
1779995213944
1779995218122
1779995218756
1779995219349
1779995219947
1779995220542
1779995221147
1779995221756
1779995222352
1779995222952
1779995223545
1779995224160
1779995224747
1779995225380
1779995226031
1779995226672
1779995227223
1779995227781
1779995228406
1779995229042
1779995229646
1779995230266
1779995230881
1779995231475
1779995232129
1779995232738
1779995233375
1779995233950
1779995234536
1779995235152
1779995235804
1779995236454
1779995237060
1779995237686
1779995238276
1779995238901
1779995239456
1779995239950
1779995240507
1779995241153
1779995241740
1779995242305
1779995242958
1779995243536
1779995244149
1779995244764
1779995245444
1779995246096
1779995246740
1779995247359
1779995247988
1779995248540
1779995249181
1779995249817
1779995250363
1779995250944
1779995251504
1779995252146
1779995252776
1779995253393
1779995254029
1779995254620
1779995255234
1779995255844
1779995256439
1779995256992
1779995257551
1779995258204
1779995258771
1779995259371
1779995259965
1779995260545
1779995261221
1779995261788
1779995262379
1779995263013
1779995263642
1779995264259
1779995264816
1779995265452
1779995266106
1779995266740
1779995267388
1779995267985
1779995268549
1779995269223
1779995269850
1779995270421
1779995271074
1779995271641
1779995272291
1779995272838
1779995273452
1779995273968
1779995274596
1779995275285
1779995275898
1779995276465
1779995277070
1779995277683
1779995278348
1779995282570
1779995283163
1779995283817
1779995284462
1779995285107
1779995285714
1779995286325
1779995286952
1779995287547
1779995288193
1779995288804
1779995289384
1779995289962
1779995290553
1779995291196
1779995291783
1779995292439
1779995293030
1779995293691
1779995294360
1779995294965
1779995295478
1779995296043
1779995296710
1779995297361
1779995297974
1779995298533
1779995299166
1779995299838
1779995300480
1779995301075
1779995301652
1779995302216
1779995302825
1779995303456
1779995304055
1779995304644
1779995305257
1779995305848
1779995306442
1779995307023
1779995307687
1779995308188
1779995308735
1779995309417
1779995309978
1779995310542
1779995311153
1779995311765
1779995312437
1779995313034
1779995313659
1779995314259
1779995314889
1779995315514
1779995316111
1779995316729
1779995317380
1779995317850
1779995318468
1779995319062
1779995319665
1779995320267
1779995320882
1779995321509
1779995322093
1779995322764
1779995323401
1779995324022
1779995324659
1779995325270
1779995325900
1779995326577
1779995327212
1779995327857
1779995328519
1779995329079
1779995329717
1779995330289
1779995330914
1779995331528
1779995332138
1779995332775
1779995333391
1779995334022
1779995334643
1779995335206
1779995335918
1779995336483
1779995337082
1779995337706
1779995338283
1779995338864
1779995339448
1779995340033
1779995340553
1779995341064
1779995341554
1779995342065
1779995342593
1779995346700
1779995347253
1779995347948
1779995348600
1779995349244
1779995349895
1779995350488
1779995351117
1779995351776
1779995352369
1779995353020
1779995353705
1779995354302
1779995354955
1779995355559
1779995356192
1779995356836
1779995357418
1779995358055
1779995358732
1779995359361
1779995359982
1779995360525
1779995361184
1779995361995
1779995362618
1779995363457
1779995364283
1779995364971
1779995365603
1779995366268
1779995366892
1779995367560
1779995368148
1779995368751
1779995369312
1779995369928
1779995370467
1779995371023
1779995371556
1779995372115
1779995372663
1779995373202
1779995373779
1779995374357
1779995374947
1779995375481
1779995376030
1779995376626
1779995377195
1779995377796
1779995378348
1779995378943
1779995379503
1779995380069
1779995380635
1779995381168
1779995381739
1779995382287
1779995382845
1779995383392
1779995384006
1779995384614
1779995385206
1779995385809
1779995386397
1779995386998
1779995387606
1779995388178
1779995388744
1779995389275
1779995389860
1779995390415
1779995390994
1779995391544
1779995392085
1779995392662
1779995393233
1779995393835
1779995394397
1779995394956
1779995395497
1779995396069
1779995396644
1779995397141
1779995397718
1779995398269
1779995398838
1779995399395
1779995399963
1779995400495
1779995401076
1779995401695
1779995402252
1779995402837
1779995403374
1779995403939
1779995404473
1779995405097
1779995405699
1779995409872
1779995410471
1779995411035
1779995411613
1779995412203
1779995412803
1779995413355
1779995413896
1779995414451
1779995414994
1779995415559
1779995416181
1779995416758
1779995417316
1779995417889
1779995418417
1779995418927
1779995419526
1779995420109
1779995420709
1779995421280
1779995421891
1779995422441
1779995422991
1779995423546
1779995424001
1779995424503
1779995425102
1779995425699
1779995426201
1779995426786
1779995427301
1779995427922
1779995428456
1779995429020
1779995429590
1779995430152
1779995430753
1779995431328
1779995431907
1779995432432
1779995433001
1779995433550
1779995434108
1779995434719
1779995435275
1779995435878
1779995436440
1779995437006
1779995437583
1779995438174
1779995438726
1779995439276
1779995439885
1779995440409
1779995440962
1779995441489
1779995442048
1779995442600
1779995443115
1779995443702
1779995444266
1779995444833
1779995445375
1779995445942
1779995446480
1779995447050
1779995447678
1779995448282
1779995448854
1779995449421
1779995450009
1779995450563
1779995451098
1779995451669
1779995452248
1779995452806
1779995453366
1779995453925
1779995454475
1779995455086
1779995455661
1779995456249
1779995456823
1779995457397
1779995457940
1779995458501
1779995459073
1779995459640
1779995460210
1779995460740
1779995461274
1779995461865
1779995462441
1779995463011
1779995463607
1779995464122
1779995464685
1779995465234
1779995465860
1779995470019
1779995470616
1779995471179
1779995471770
1779995472331
1779995472896
1779995473473
1779995474035
1779995474633
1779995475225
1779995475817
1779995476374
1779995476916
1779995477461
1779995478045
1779995478660
1779995479174
1779995479774
1779995480313
1779995480946
1779995481504
1779995482022
1779995482530
1779995483094
1779995483701
1779995484244
1779995484828
1779995485363
1779995485931
1779995486512
1779995487097
1779995487684
1779995488219
1779995488755
1779995489342
1779995489941
1779995490496
1779995491042
1779995491629
1779995492167
1779995492769
1779995493338
1779995493935
1779995494454
1779995495003
1779995495614
1779995496160
1779995496759
1779995497292
1779995497875
1779995498414
1779995499005
1779995499633
1779995500222
1779995500802
1779995501355
1779995501926
1779995502444
1779995503048
1779995503637
1779995504272
1779995504824
1779995505399
1779995506000
1779995506607
1779995507135
1779995507700
1779995508248
1779995508800
1779995509340
1779995509890
1779995510427
1779995511010
1779995511605
1779995512171
1779995512749
1779995513277
1779995513847
1779995514405
1779995515002
1779995515597
1779995516167
1779995516735
1779995517238
1779995517814
1779995518345
1779995518920
1779995519461
1779995520038
1779995520627
1779995521128
1779995521706
1779995522259
1779995522836
1779995523395
1779995523951
1779995524475
1779995525070
1779995525671
1779995526212
1779995530375
1779995530937
1779995531549
1779995532154
1779995532742
1779995533307
1779995533857
1779995534404
1779995534970
1779995535527
1779995536102
1779995536635
1779995537165
1779995537733
1779995538269
1779995538822
1779995539370
1779995539942
1779995540480
1779995541042
1779995541587
1779995542137
1779995542742
1779995543260
1779995543830
1779995544351
1779995544924
1779995545474
1779995546043
1779995546618
1779995547146
1779995547726
1779995548268
1779995548808
1779995549343
1779995549937
1779995550468
1779995551026
1779995551589
1779995552177
1779995552766
1779995553331
1779995553889
1779995554430
1779995554939
1779995555485
1779995556042
1779995556588
1779995557115
1779995557720
1779995558254
1779995558810
1779995559393
1779995559977
1779995560584
1779995561178
1779995561728
1779995562274
1779995562821
1779995563439
1779995564009
1779995564595
1779995565143
1779995565815
1779995566359
1779995566957
1779995567508
1779995568058
1779995568607
1779995569153
1779995569730
1779995570259
1779995570820
1779995571383
1779995571982
1779995572528
1779995573075
1779995573650
1779995574178
1779995574714
1779995575227
1779995575781
1779995576328
1779995576885
1779995577468
1779995578033
1779995578619
1779995579170
1779995579716
1779995580223
1779995580827
1779995581363
1779995581915
1779995582456
1779995583033
1779995583650
1779995584197
1779995584738
1779995585279
1779995585867
1779995590004
1779995590579
1779995591160
1779995591818
1779995592348
1779995592879
1779995593438
1779995594016
1779995594594
1779995595141
1779995595693
1779995596229
1779995596782
1779995597354
1779995597896
1779995598438
1779995599002
1779995599618
1779995600176
1779995600733
1779995601294
1779995601891
1779995602460
1779995602933
1779995603495
1779995604073
1779995604658
1779995605210
1779995605791
1779995606322
1779995606907
1779995607469
1779995608052
1779995608660
1779995609183
1779995609745
1779995610294
1779995610880
1779995611457
1779995611991
1779995612512
1779995613103
1779995613696
1779995614277
1779995614860
1779995615436
1779995616014
1779995616585
1779995617132
1779995617706
1779995618242
1779995618826
1779995619356
1779995619923
1779995620451
1779995621076
1779995621705
1779995622284
1779995622839
1779995623382
1779995623947
1779995624505
1779995625092
1779995625700
1779995626259
1779995626843
1779995627394
1779995627951
1779995628489
1779995629072
1779995629628
1779995630162
1779995630714
1779995631277
1779995631855
1779995632393
1779995632975
1779995633540
1779995634124
1779995634695
1779995635244
1779995635828
1779995636362
1779995636938
1779995637484
1779995638041
1779995638608
1779995639151
1779995639755
1779995640384
1779995641001
1779995641678
1779995642231
1779995642790
1779995643328
1779995643892
1779995644458
1779995645011
1779995645582
1779995646128
1779995650329
1779995650873
1779995651418
1779995651962
1779995652545
1779995653220
1779995653780
1779995654347
1779995654938
1779995655493
1779995656039
1779995656585
1779995657180
1779995657728
1779995658251
1779995658799
1779995659355
1779995659956
1779995660536
1779995661078
1779995661624
1779995662145
1779995662708
1779995663244
1779995663807
1779995664360
1779995664974
1779995665540
1779995666102
1779995666667
1779995667220
1779995667816
1779995668336
1779995668854
1779995669403
1779995670024
1779995670612
1779995671180
1779995671789
1779995672332
1779995672876
1779995673423
1779995673972
1779995674513
1779995675065
1779995675648
1779995676216
1779995676800
1779995677330
1779995677874
1779995678413
1779995678927
1779995679459
1779995680035
1779995680620
1779995681183
1779995681759
1779995682293
1779995682894
1779995683493
1779995684117
1779995684688
1779995685269
1779995685863
1779995686385
1779995686947
1779995687507
1779995688081
1779995688665
1779995689244
1779995689841
1779995690379
1779995690918
1779995691501
1779995692102
1779995692702
1779995693252
1779995693828
1779995694366
1779995694910
1779995695457
1779995696064
1779995696647
1779995697191
1779995697779
1779995698317
1779995698871
1779995699455
1779995700058
1779995700604
1779995701189
1779995701783
1779995702324
1779995702893
1779995703437
1779995704052
1779995704622
1779995705164
1779995705729
1779995706276
1779995710437
1779995711026
1779995711618
1779995712193
1779995712738
1779995713275
1779995713857
1779995714391
1779995714958
1779995715498
1779995716066
1779995716668
1779995717241
1779995717803
1779995718304
1779995718900
1779995719488
1779995720037
1779995720615
1779995721150
1779995721717
1779995722271
1779995722849
1779995723389
1779995723944
1779995724467
1779995725042
1779995725612
1779995726161
1779995726744
1779995727286
1779995727866
1779995728402
1779995728937
1779995729526
1779995730110
1779995730698
1779995731222
1779995731781
1779995732322
1779995732899
1779995733481
1779995734025
1779995734585
1779995735150
1779995735744
1779995736333
1779995775982
1779995776574
1779995777133
1779995777718
1779995778275
1779995778888
1779995779496
1779995780077
1779995780732
1779995781265
1779995781846
1779995782366
1779995782947
1779995783518
1779995784136
1779995784720
1779995785304
1779995785908
1779995786443
1779995787003
1779995787559
1779995788120
1779995788708
1779995789275
1779995789849
1779995790375
1779995790951
1779995791493
1779995792074
1779995792635
1779995793183
1779995793784
1779995794320
1779995794909
1779995795494
1779995796088
1779995796659
1779995797201
1779995797754
1779995798293
1779995798853
1779995799418
1779995799981
1779995800515
1779995801131
1779995801717
1779995802281
1779995802862
1779995803427
1779995803970
1779995804526
1779995805116
1779995805691
1779995809827
1779995810409
1779995811035
1779995811621
1779995812164
1779995812730
1779995813287
1779995813891
1779995814463
1779995815053
1779995815685
1779995816245
1779995816793
1779995817356
1779995817934
1779995818475
1779995819056
1779995819657
1779995820240
1779995820808
1779995821344
1779995821921
1779995822445
1779995823007
1779995823605
1779995824171
1779995824768
1779995825323
1779995825865
1779995826387
1779995826989
1779995827534
1779995828109
1779995828670
1779995829250
1779995829878
1779995830431
1779995831032
1779995831647
1779995832233
1779995832814
1779995833388
1779995833977
1779995834507
1779995835064
1779995835644
1779995836236
1779995836784
1779995837330
1779995837925
1779995838509
1779995839123
1779995839752
1779995840301
1779995840878
1779995841480
1779995842064
1779995842657
1779995843224
1779995843793
1779995844348
1779995844934
1779995845506
1779995846091
1779995846675
1779995847207
1779995847783
1779995848508
1779995849029
1779995849605
1779995850149
1779995850750
1779995851325
1779995851910
1779995852463
1779995853024
1779995853605
1779995854156
1779995854725
1779995855260
1779995855858
1779995856404
1779995856962
1779995857501
1779995858089
1779995858652
1779995859187
1779995859760
1779995860272
1779995860832
1779995861403
1779995861971
1779995862552
1779995863107
1779995863694
1779995864230
1779995864810
1779995865373
1779995865958
1779995866503
1779995870658
1779995871226
1779995871826
1779995872408
1779995872981
1779995873516
1779995874070
1779995874638
1779995875223
1779995875804
1779995876379
1779995876948
1779995877496
1779995878072
1779995878639
1779995879183
1779995879764
1779995880319
1779995880888
1779995881405
1779995881967
1779995882542
1779995883124
1779995883729
1779995884293
1779995884894
1779995885450
1779995886030
1779995886589
1779995887141
1779995887711
1779995888273
1779995888825
1779995889380
1779995889965
1779995890534
1779995891096
1779995891668
1779995892206
1779995892790
1779995893356
1779995893911
1779995894446
1779995895031
1779995895632
1779995896200
1779995896794
1779995897377
1779995897960
1779995898495
1779995899052
1779995899673
1779995900232
1779995900790
1779995901335
1779995901886
1779995902411
1779995903005
1779995903601
1779995904152
1779995904729
1779995905289
1779995905852
1779995906438
1779995906984
1779995907519
1779995908075
1779995908660
1779995909197
1779995909818
1779995910346
1779995910906
1779995911488
1779995912052
1779995912667
1779995913235
1779995913819
1779995914352
1779995914891
1779995915469
1779995916045
1779995916617
1779995917143
1779995917748
1779995918275
1779995918835
1779995919366
1779995919918
1779995920484
1779995921080
1779995921641
1779995922166
1779995922725
1779995923298
1779995923885
1779995924423
1779995924986
1779995925550
1779995926136
1779995926718
1779995930875
1779995931477
1779995932077
1779995932632
1779995933178
1779995933785
1779995934342
1779995934934
1779995935476
1779995936048
1779995936609
1779995937169
1779995937781
1779995938347
1779995938916
1779995939460
1779995940046
1779995940594
1779995941147
1779995941746
1779995942282
1779995942864
1779995943424
1779995944005
1779995944602
1779995945176
1779995945739
1779995946321
1779995946909
1779995947463
1779995948038
1779995948606
1779995949129
1779995949719
1779995950254
1779995950808
1779995951371
1779995951940
1779995952509
1779995953044
1779995953604
1779995954167
1779995954741
1779995955295
1779995955876
1779995956409
1779995957011
1779995957629
1779995958212
1779995958795
1779995959322
1779995959913
1779995960454
1779995961043
1779995961662
1779995962209
1779995962803
1779995963349
1779995963911
1779995964438
1779995965025
1779995965624
1779995966216
1779995966815
1779995967410
1779995968010
1779995968566
1779995969111
1779995969702
1779995970244
1779995970828
1779995971384
1779995971952
1779995972480
1779995973085
1779995973660
1779995974231
1779995974797
1779995975358
1779995975919
1779995976473
1779995977081
1779995977634
1779995978182
1779995978739
1779995979283
1779995979912
1779995980421
1779995980988
1779995981544
1779995982142
1779995982760
1779995983329
1779995983916
1779995984469
1779995985002
1779995985587
1779995986173
1779995986773
1779995987352
1779995991560
1779995992160
1779995992772
1779995993374
1779995993975
1779995994571
1779995995157
1779995995846
1779995996395
1779995996982
1779995997553
1779995998113
1779995998672
1779995999212
1779995999789
1779996000372
1779996000945
1779996001489
1779996002054
1779996002629
1779996003180
1779996003778
1779996004311
1779996004869
1779996005434
1779996006031
1779996006606
1779996007174
1779996007781
1779996008349
1779996008906
1779996009484
1779996010061
1779996010638
1779996011180
1779996011745
1779996012276
1779996012834
1779996013401
1779996013968
1779996014492
1779996015094
1779996015678
1779996016199
1779996016767
1779996017314
1779996017911
1779996018504
1779996019092
1779996019681
1779996020239
1779996020788
1779996021374
1779996021962
1779996022543
1779996023157
1779996023734
1779996024280
1779996024843
1779996025409
1779996026014
1779996026596
1779996027142
1779996027712
1779996028248
1779996028822
1779996029395
1779996029983
1779996030513
1779996031071
1779996031654
1779996032216
1779996032814
1779996033369
1779996033920
1779996034462
1779996035036
1779996035659
1779996036187
1779996036765
1779996037302
1779996037895
1779996038454
1779996039033
1779996039657
1779996040225
1779996040816
1779996041361
1779996041921
1779996042446
1779996043028
1779996043622
1779996044173
1779996044734
1779996045267
1779996045861
1779996046430
1779996047018
1779996047600
1779996048148
1779996052299
1779996052920
1779996053489
1779996054034
1779996054604
1779996055194
1779996055819
1779996056381
1779996056951
1779996057513
1779996058086
1779996058637
1779996059208
1779996059792
1779996060349
1779996060908
1779996061453
1779996062035
1779996062636
1779996063230
1779996063823
1779996064360
1779996064924
1779996065469
1779996066037
1779996066616
1779996067183
1779996067759
1779996068295
1779996068852
1779996069439
1779996070033
1779996070627
1779996071163
1779996071742
1779996072278
1779996072856
1779996073432
1779996074015
1779996074581
1779996075114
1779996075689
1779996076262
1779996076848
1779996077422
1779996078023
1779996078625
1779996079184
1779996079812
1779996080366
1779996081013
1779996081605
1779996082174
1779996082802
1779996083351
1779996083998
1779996084583
1779996085180
1779996085842
1779996086403
1779996086983
1779996087515
1779996088082
1779996088656
1779996089237
1779996089837
1779996090355
1779996090913
1779996091467
1779996092053
1779996092633
1779996093211
1779996093805
1779996094355
1779996094920
1779996095479
1779996096071
1779996096629
1779996097174
1779996097755
1779996098293
1779996098888
1779996099474
1779996100047
1779996100611
1779996101150
1779996101751
1779996102279
1779996102851
1779996103409
1779996103966
1779996104509
1779996105066
1779996105644
1779996106176
1779996106755
1779996107326
1779996107887
1779996108433
1779996108998
1779996113153
1779996113731
1779996114300
1779996114885
1779996115431
1779996115993
1779996116547
1779996117134
1779996117750
1779996118357
1779996118939
1779996119480
1779996120049
1779996120597
1779996121141
1779996121713
1779996122251
1779996122829
1779996123413
1779996123973
1779996124511
1779996125071
1779996125659
1779996126195
1779996126775
1779996127333
1779996127891
1779996128422
1779996129011
1779996129622
1779996130165
1779996130725
1779996131253
1779996131840
1779996132397
1779996132990
1779996133584
1779996134168
1779996134773
1779996135342
1779996135916
1779996136450
1779996137037
1779996137639
1779996138226
1779996138802
1779996139452
1779996140097
1779996140659
1779996141244
1779996141871
1779996142444
1779996143033
1779996143626
1779996144201
1779996144770
1779996145326
1779996145882
1779996146402
1779996146950
1779996147484
1779996148046
1779996148663
1779996149193
1779996149762
1779996150277
1779996150831
1779996151397
1779996151991
1779996152531
1779996153091
1779996153687
1779996154241
1779996154808
1779996155357
1779996155912
1779996156436
1779996157019
1779996157600
1779996158147
1779996158706
1779996159270
1779996159859
1779996160398
1779996160974
1779996161516
1779996162087
1779996162680
1779996163244
1779996163839
1779996164364
1779996164930
1779996165500
1779996166078
1779996166652
1779996167168
1779996167793
1779996168335
1779996168909
1779996169485
1779996173657
1779996174301
1779996174915
1779996175467
1779996176071
1779996176658
1779996177204
1779996177772
1779996178317
1779996178887
1779996179465
1779996180115
1779996180684
1779996181251
1779996181851
1779996182400
1779996182980
1779996183513
1779996184114
1779996184676
1779996185213
1779996185784
1779996186337
1779996186932
1779996187468
1779996188037
1779996188599
1779996189159
1779996189766
1779996190295
1779996190856
1779996191418
1779996191985
1779996192583
1779996193170
1779996193771
1779996194325
1779996194884
1779996195444
1779996196033
1779996196600
1779996197140
1779996197749
1779996198238
1779996198826
1779996199389
1779996199950
1779996200478
1779996201098
1779996201700
1779996202257
1779996202842
1779996203400
1779996203945
1779996204499
1779996205105
1779996205659
1779996206214
1779996206780
1779996207307
1779996207914
1779996208456
1779996209044
1779996209617
1779996210248
1779996210802
1779996211348
1779996211932
1779996212490
1779996213066
1779996213665
1779996214198
1779996214762
1779996215328
1779996215917
1779996216445
1779996217017
1779996217588
1779996218141
1779996218698
1779996219205
1779996219797
1779996220392
1779996220981
1779996221553
1779996222150
1779996222730
1779996223300
1779996223863
1779996224371
1779996224960
1779996225521
1779996226074
1779996226661
1779996227205
1779996227799
1779996228373
1779996228985
1779996229583
1779996230165
1779996234388
1779996234983
1779996235575
1779996236205
1779996236806
1779996237384
1779996237962
1779996238542
1779996239118
1779996239696
1779996240251
1779996240804
1779996241429
1779996241999
1779996242570
1779996243172
1779996243774
1779996244311
1779996244884
1779996245445
1779996246031
1779996246644
1779996247225
1779996247844
1779996248377
1779996248943
1779996249495
1779996250055
1779996250625
1779996251196
1779996251809
1779996252344
1779996252922
1779996253465
1779996254023
1779996254618
1779996255166
1779996255753
1779996256314
1779996256909
1779996257501
1779996258088
1779996258684
1779996259251
1779996259827
1779996260368
1779996260936
1779996261510
1779996262116
1779996262706
1779996263228
1779996263806
1779996264332
1779996264938
1779996265530
1779996266113
1779996266678
1779996267220
1779996267779
1779996268331
1779996268897
1779996269454
1779996270026
1779996270601
1779996271186
1779996271780
1779996272349
1779996272909
1779996273489
1779996274040
1779996274570
1779996275133
1779996275696
1779996276276
1779996276842
1779996277366
1779996277958
1779996278551
1779996279153
1779996279765
1779996280321
1779996280887
1779996281442
1779996281989
1779996282536
1779996283106
1779996283689
1779996284243
1779996284824
1779996285388
1779996285948
1779996286479
1779996287043
1779996287654
1779996288214
1779996288812
1779996289379
1779996289968
1779996290511
1779996291110
1779996295281
1779996295896
1779996296467
1779996297031
1779996297606
1779996298175
1779996298735
1779996299271
1779996299844
1779996300404
1779996300977
1779996301564
1779996302149
1779996302719
1779996303345
1779996303917
1779996304487
1779996305037
1779996305646
1779996306201
1779996306810
1779996307352
1779996307903
1779996308460
1779996309032
1779996309608
1779996310174
1779996310732
1779996311258
1779996311855
1779996312415
1779996312962
1779996313523
1779996314095
1779996314676
1779996315238
1779996315838
1779996316362
1779996316913
1779996317469
1779996318069
1779996318661
1779996319192
1779996319850
1779996320401
1779996320988
1779996321556
1779996322114
1779996322650
1779996323206
1779996323825
1779996324386
1779996324970
1779996325522
1779996326112
1779996326652
1779996327245
1779996327847
1779996328410
1779996329004
1779996329584
1779996330124
1779996330700
1779996331243
1779996331834
1779996332402
1779996333009
1779996333610
1779996334188
1779996334812
1779996335374
1779996335928
1779996336454
1779996337013
1779996337621
1779996338180
1779996338781
1779996339375
1779996339968
1779996340496
1779996341050
1779996341629
1779996342183
1779996342747
1779996343288
1779996343863
1779996344437
1779996345018
1779996345607
1779996346149
1779996346716
1779996347274
1779996347864
1779996348445
1779996348996
1779996349556
1779996350146
1779996350727
1779996351282
1779996351907
1779996356162
1779996356743
1779996357340
1779996357943
1779996358477
1779996359046
1779996359620
1779996360165
1779996360767
1779996361333
1779996361936
1779996362462
1779996363029
1779996363588
1779996364143
1779996364702
1779996365258
1779996365831
1779996366406
1779996366998
1779996367572
1779996368170
1779996368754
1779996369289
1779996369858
1779996370407
1779996370999
1779996371578
1779996372141
1779996372703
1779996373235
1779996373839
1779996374401
1779996374984
1779996375501
1779996376069
1779996376636
1779996377182
1779996377760
1779996378324
1779996378913
1779996379471
1779996380091
1779996380746
1779996381296
1779996381901
1779996382503
1779996383086
1779996383700
1779996384275
1779996384865
1779996385447
1779996386023
1779996386615
1779996387156
1779996387720
1779996388301
1779996388865
1779996389469
1779996390059
1779996390625
1779996391158
1779996391743
1779996392295
1779996392924
1779996393487
1779996394091
1779996394653
1779996395200
1779996395774
1779996396300
1779996396895
1779996397478
1779996398049
1779996398606
1779996399169
1779996399718
1779996400287
1779996400869
1779996401428
1779996401994
1779996402522
1779996403111
1779996403704
1779996404263
1779996404827
1779996405369
1779996405933
1779996406517
1779996407118
1779996407740
1779996408295
1779996408871
1779996409402
1779996409991
1779996410541
1779996411163
1779996411741
1779996412310
1779996412889
1779996417032
1779996417615
1779996418160
1779996418730
1779996419302
1779996419915
1779996420493
1779996421069
1779996421659
1779996422213
1779996422782
1779996423352
1779996423935
1779996424463
1779996425041
1779996425616
1779996426147
1779996426748
1779996427311
1779996427920
1779996428467
1779996429036
1779996429655
1779996430209
1779996430805
1779996431352
1779996431910
1779996432476
1779996433220
1779996433794
1779996434331
1779996434901
1779996435480
1779996436077
1779996436603
1779996437141
1779996437728
1779996438302
1779996438871
1779996439432
1779996440040
1779996440573
1779996441158
1779996441762
1779996442340
1779996442943
1779996443490
1779996444068
1779996444634
1779996445180
1779996445813
1779996446387
1779996446983
1779996447572
1779996448160
1779996448743
1779996449273
1779996449845
1779996450429
1779996451025
1779996451598
1779996452135
1779996452657
1779996453215
1779996453839
1779996454413
1779996454982
1779996455538
1779996456093
1779996456647
1779996457198
1779996457784
1779996458310
1779996458909
1779996459445
1779996460041
1779996460616
1779996461135
1779996461736
1779996462277
1779996462853
1779996463413
1779996463981
1779996464510
1779996465106
1779996465684
1779996466269
1779996466826
1779996467352
1779996467918
1779996468481
1779996469042
1779996469613
1779996470167
1779996470734
1779996471287
1779996471897
1779996472431
1779996473008
1779996473586
1779996477739
1779996478328
1779996478910
1779996479492
1779996480096
1779996480676
1779996481215
1779996481768
1779996482333
1779996482910
1779996483481
1779996484066
1779996484637
1779996485191
1779996485767
1779996486329
1779996486913
1779996487461
1779996488032
1779996488597
1779996489178
1779996489795
1779996490351
1779996490934
1779996491482
1779996492037
1779996492606
1779996493170
1779996493787
1779996494316
1779996494892
1779996495455
1779996496040
1779996496603
1779996497131
1779996497666
1779996498235
1779996498815
1779996499358
1779996499939
1779996500465
1779996501062
1779996501666
1779996502249
1779996502874
1779996503433
1779996504010
1779996504587
1779996505152
1779996505715
1779996506243
1779996506814
1779996507413
1779996508035
1779996508600
1779996509168
1779996509774
1779996510302
1779996510879
1779996511435
1779996512023
1779996512618
1779996513185
1779996513752
1779996514319
1779996514876
1779996515449
1779996516027
1779996516643
1779996517207
1779996517789
1779996518326
1779996518895
1779996519459
1779996520062
1779996520640
1779996521245
1779996521821
1779996522389
1779996522946
1779996523485
1779996524038
1779996524635
1779996525190
1779996525803
1779996526343
1779996526896
1779996527488
1779996528063
1779996528648
1779996529182
1779996529759
1779996530304
1779996530890
1779996531461
1779996532050
1779996532612
1779996533150
1779996533714
1779996534291
1779996538464
1779996539060
1779996539640
1779996540185
1779996540746
1779996541279
1779996541869
1779996542414
1779996543002
1779996543631
1779996544223
1779996544815
1779996545350
1779996545899
1779996546458
1779996547034
1779996547632
1779996548218
1779996548801
1779996549388
1779996549994
1779996550557
1779996551138
1779996551756
1779996552289
1779996552845
1779996553419
1779996553986
1779996554560
1779996555113
1779996555682
1779996556220
1779996556826
1779996557427
1779996558006
1779996558616
1779996559172
1779996559749
1779996560297
1779996560878
1779996561449
1779996562023
1779996562614
1779996563197
1779996563814
1779996564358
1779996564947
1779996565513
1779996566088
1779996566655
1779996567187
1779996567800
1779996568349
1779996568919
1779996569477
1779996570049
1779996570605
1779996571155
1779996571754
1779996572271
1779996572822
1779996573395
1779996573971
1779996574509
1779996575069
1779996575659
1779996576233
1779996576822
1779996577406
1779996578006
1779996578588
1779996579138
1779996579713
1779996580260
1779996580832
1779996581401
1779996582035
1779996582629
1779996583243
1779996583850
1779996584420
1779996584982
1779996585503
1779996586070
1779996586649
1779996587192
1779996587773
1779996588315
1779996588891
1779996589445
1779996590048
1779996590609
1779996591161
1779996591735
1779996592282
1779996592896
1779996593416
1779996593973
1779996594509
1779996595097
1779996599360
1779996599940
1779996600541
1779996601124
1779996601705
1779996602268
1779996602846
1779996603417
1779996603977
1779996604529
1779996605103
1779996605674
1779996606211
1779996606787
1779996607360
1779996607950
1779996608491
1779996609054
1779996609637
1779996610203
1779996610798
1779996611367
1779996611940
1779996612482
1779996613071
1779996613656
1779996614198
1779996614743
1779996615267
1779996615856
1779996616458
1779996617031
1779996617608
1779996618160
1779996618735
1779996619286
1779996619895
1779996620434
1779996620994
1779996621551
1779996622121
1779996622701
1779996623247
1779996623847
1779996624382
1779996624982
1779996625554
1779996626133
1779996626730
1779996627305
1779996627906
1779996628479
1779996629024
1779996629612
1779996630150
1779996630719
1779996631297
1779996631929
1779996632493
1779996633041
1779996633629
1779996634165
1779996634729
1779996635290
1779996635907
1779996636473
1779996637054
1779996637638
1779996638197
1779996638780
1779996639323
1779996639891
1779996640428
1779996640980
1779996641543
1779996642152
1779996642729
1779996643273
1779996643852
1779996644417
1779996645060
1779996645645
1779996646227
1779996646801
1779996647372
1779996647969
1779996648519
1779996649079
1779996649696
1779996650280
1779996650882
1779996651467
1779996652054
1779996652613
1779996653150
1779996653742
1779996654270
1779996654857
1779996655421
1779996656005
1779996660170
1779996660782
1779996661358
1779996661963
1779996662489
1779996663068
1779996663635
1779996664174
1779996664793
1779996665347
1779996665911
1779996666447
1779996667010
1779996667627
1779996668179
1779996668743
1779996669288
1779996669868
1779996670421
1779996671017
1779996671609
1779996672154
1779996672718
1779996673258
1779996673848
1779996674413
1779996675018
1779996675639
1779996676207
1779996676791
1779996677327
1779996677888
1779996678470
1779996679059
1779996679641
1779996680236
1779996680844
1779996681394
1779996681966
1779996682501
1779996683083
1779996683655
1779996684214
1779996684801
1779996685384
1779996686001
1779996686591
1779996687139
1779996687680
1779996688222
1779996688812
1779996689358
1779996689918
1779996690500
1779996691067
1779996691683
1779996692240
1779996692810
1779996693368
1779996693956
1779996694495
1779996695093
1779996695704
1779996696271
1779996696833
1779996697413
1779996697985
1779996698532
1779996699105
1779996699720
1779996700284
1779996700852
1779996701407
1779996701984
1779996702531
1779996703119
1779996703724
1779996704297
1779996704904
1779996705458
1779996706056
1779996706618
1779996707193
1779996707790
1779996708348
1779996708957
1779996709507
1779996710098
1779996710681
1779996711255
1779996711829
1779996712399
1779996712985
1779996713543
1779996714111
1779996714673
1779996715232
1779996715862
1779996716423
1779996716975
1779996721127
1779996721711
1779996722270
1779996722857
1779996723427
1779996724031
1779996724618
1779996725275
1779996725861
1779996726395
1779996726989
1779996727570
1779996728180
1779996728789
1779996729380
1779996729963
1779996730533
1779996731110
1779996731689
1779996732213
1779996732760
1779996733298
1779996733863
1779996734387
1779996734940
1779996735469
1779996736022
1779996736567
1779996737123
1779996737730
1779996738286
1779996738849
1779996739405
1779996739987
1779996740572
1779996741176
1779996741779
1779996742353
1779996742911
1779996743459
1779996744010
1779996744608
1779996745177
1779996745775
1779996746316
1779996746922
1779996747437
1779996747963
1779996748539
1779996749118
1779996749689
1779996750226
1779996750758
1779996751354
1779996751950
1779996752477
1779996753030
1779996753642
1779996754247
1779996754855
1779996755407
1779996755990
1779996756541
1779996757112
1779996757699
1779996758243
1779996758822
1779996759382
1779996759965
1779996760515
1779996761110
1779996761719
1779996762278
1779996762862
1779996763453
1779996764007
1779996764584
1779996765118
1779996765738
1779996766303
1779996766914
1779996767492
1779996768072
1779996768684
1779996769237
1779996769811
1779996770363
1779996770920
1779996771462
1779996772025
1779996772592
1779996773158
1779996773745
1779996774314
1779996774898
1779996775454
1779996776023
1779996776585
1779996777134
1779996777717
1779996781894
1779996782497
1779996783083
1779996783683
1779996784235
1779996784816
1779996785371
1779996785933
1779996786487
1779996787043
1779996787608
1779996788141
1779996788678
1779996789239
1779996789872
1779996790401
1779996790972
1779996791553
1779996792157
1779996792748
1779996793333
1779996793886
1779996794427
1779996795009
1779996795603
1779996796174
1779996796726
1779996797264
1779996797851
1779996798408
1779996799010
1779996799567
1779996800188
1779996800809
1779996801396
1779996801976
1779996802547
1779996803135
1779996803708
1779996804250
1779996804824
1779996805396
1779996805980
1779996806569
1779996807158
1779996807777
1779996808328
1779996808872
1779996809435
1779996810016
1779996810603
1779996811161
1779996811772
1779996812330
1779996812898
1779996813435
1779996814007
1779996814544
1779996815080
1779996815669
1779996816196
1779996816766
1779996817318
1779996817867
1779996818385
1779996818977
1779996819511
1779996820086
1779996820643
1779996821187
1779996821802
1779996822359
1779996822972
1779996823523
1779996824073
1779996824629
1779996825221
1779996825846
1779996826404
1779996826965
1779996827518
1779996828111
1779996828722
1779996829301
1779996829914
1779996830480
1779996831035
1779996831579
1779996832121
1779996832700
1779996833257
1779996833839
1779996834372
1779996834956
1779996835516
1779996836131
1779996836704
1779996837223
1779996837803
1779996838355
1779996842550
1779996843155
1779996843765
1779996844327
1779996844909
1779996845468
1779996846027
1779996846614
1779996847169
1779996847792
1779996848367
1779996848928
1779996849468
1779996850016
1779996850617
1779996851165
1779996851755
1779996852287
1779996852851
1779996853437
1779996854019
1779996854630
1779996855202
1779996855829
1779996856388
1779996856979
1779996857521
1779996858110
1779996858685
1779996859242
1779996859882
1779996860468
1779996861088
1779996861692
1779996862237
1779996862854
1779996863460
1779996864022
1779996864589
1779996865137
1779996865739
1779996866317
1779996866921
1779996867486
1779996868053
1779996868600
1779996869177
1779996869767
1779996870339
1779996870936
1779996871491
1779996872066
1779996872637
1779996873232
1779996873778
1779996874334
1779996874886
1779996875437
1779996876027
1779996876552
1779996877085
1779996877662
1779996878237
1779996878840
1779996879377
1779996879947
1779996880507
1779996881100
1779996881687
1779996882226
1779996882784
1779996883324
1779996883911
1779996884458
1779996885028
1779996885634
1779996886158
1779996886757
1779996887332
1779996887894
1779996888441
1779996889003
1779996889587
1779996890176
1779996890781
1779996891337
1779996891926
1779996892487
1779996893074
1779996893631
1779996894184
1779996894770
1779996895317
1779996896002
1779996896557
1779996897118
1779996897707
1779996898267
1779996898823
1779996899389
1779996903595
1779996904187
1779996904809
1779996905401
1779996905992
1779996906551
1779996907115
1779996907678
1779996908240
1779996908824
1779996909353
1779996909918
1779996910475
1779996911061
1779996911677
1779996912238
1779996912829
1779996913372
1779996913951
1779996914488
1779996915065
1779996915656
1779996916181
1779996916737
1779996917299
1779996917886
1779996918450
1779996919043
1779996919626
1779996920194
1779996920775
1779996921329
1779996921906
1779996922452
1779996923019
1779996923607
1779996924182
1779996924749
1779996925312
1779996925890
1779996926434
1779996927014
1779996927610
1779996928152
1779996928716
1779996929302
1779996929879
1779996930433
1779996931006
1779996931588
1779996932128
1779996932680
1779996933264
1779996933841
1779996934376
1779996934964
1779996935517
1779996936136
1779996936675
1779996937228
1779996937798
1779996938364
1779996938926
1779996939498
1779996940106
1779996940696
1779996941244
1779996941820
1779996942378
1779996942973
1779996943558
1779996944119
1779996944682
1779996945215
1779996945811
1779996946396
1779996946962
1779996947505
1779996948083
1779996948651
1779996949198
1779996949809
1779996950376
1779996950947
1779996951498
1779996952070
1779996952642
1779996953214
1779996953796
1779996954319
1779996954911
1779996955478
1779996956062
1779996956675
1779996957278
1779996957872
1779996958429
1779996959028
1779996959653
1779996960243
1779996964432
1779996965025
1779996965614
1779996966184
1779996966782
1779996967328
1779996967886
1779996968435
1779996969051
1779996969656
1779996970208
1779996970772
1779996971324
1779996971895
1779996972453
1779996973042
1779996973597
1779996974140
1779996974712
1779996975328
1779996975918
1779996976486
1779996977041
1779996977652
1779996978214
1779996978779
1779996979336
1779996979914
1779996980516
1779996981172
1779996981754
1779996982322
1779996982896
1779996983432
1779996983999
1779996984543
1779996985149
1779996985747
1779996986307
1779996986879
1779996987422
1779996987975
1779996988571
1779996989157
1779996989775
1779996990353
1779996990987
1779996991506
1779996992058
1779996992614
1779996993165
1779996993729
1779996994285
1779996994867
1779996995438
1779996995996
1779996996581
1779996997140
1779996997710
1779996998248
1779996998779
1779996999339
1779996999924
1779997000477
1779997001098
1779997001697
1779997002283
1779997002886
1779997003489
1779997004062
1779997004631
1779997005170
1779997005768
1779997006311
1779997006919
1779997007523
1779997008119
1779997008738
1779997009286
1779997009882
1779997010428
1779997011023
1779997011623
1779997012176
1779997012788
1779997013368
1779997013965
1779997014534
1779997015221
1779997015800
1779997016368
1779997016946
1779997017528
1779997018091
1779997018656
1779997019195
1779997019811
1779997020402
1779997020975
1779997021531
1779997025685
1779997026250
1779997026805
1779997027381
1779997027974
1779997028511
1779997029065
1779997029633
1779997030199
1779997030773
1779997031325
1779997031904
1779997032448
1779997033040
1779997033614
1779997034169
1779997034737
1779997035288
1779997035865
1779997036425
1779997037016
1779997037624
1779997038193
1779997038736
1779997039280
1779997039921
1779997040442
1779997041059
1779997041672
1779997042254
1779997042862
1779997043409
1779997043961
1779997044498
1779997045083
1779997045692
1779997046255
1779997046826
1779997047374
1779997047932
1779997048502
1779997049090
1779997049660
1779997050207
1779997050785
1779997051347
1779997051969
1779997052545
1779997053107
1779997053669
1779997054215
1779997054792
1779997055389
1779997055997
1779997056563
1779997057100
1779997057672
1779997058207
1779997058790
1779997059389
1779997059972
1779997060521
1779997061075
1779997061652
1779997062188
1779997062760
1779997063292
1779997063872
1779997064415
1779997064984
1779997065567
1779997066172
1779997066774
1779997067358
1779997067939
1779997068479
1779997069038
1779997069628
1779997070157
1779997070746
1779997071346
1779997071937
1779997072488
1779997073069
1779997073652
1779997074180
1779997074789
1779997075358
1779997075969
1779997076517
1779997077081
1779997077657
1779997078198
1779997078789
1779997079382
1779997080004
1779997080588
1779997081160
1779997081768
1779997082329
1779997086482
1779997087055
1779997087652
1779997088177
1779997088789
1779997089383
1779997089973
1779997090501
1779997091047
1779997091662
1779997092222
1779997092788
1779997093338
1779997093935
1779997094489
1779997095068
1779997095669
1779997096238
1779997096792
1779997097304
1779997097870
1779997098441
1779997099005
1779997099585
1779997100133
1779997100724
1779997101323
1779997101906
1779997102484
1779997103075
1779997103681
1779997104239
1779997104816
1779997105376
1779997105937
1779997106490
1779997107078
1779997107652
1779997108200
1779997108776
1779997109325
1779997109947
1779997110452
1779997111051
1779997111682
1779997112250
1779997112867
1779997113398
1779997113957
1779997114501
1779997115094
1779997115674
1779997116247
1779997116814
1779997117359
1779997117919
1779997118469
1779997119042
1779997119639
1779997120218
1779997120797
1779997121372
1779997121955
1779997122471
1779997123042
1779997123619
1779997124193
1779997124793
1779997125373
1779997125956
1779997126468
1779997127015
1779997127623
1779997128181
1779997128786
1779997129364
1779997129953
1779997130490
1779997131051
1779997131639
1779997132191
1779997132747
1779997133291
1779997133883
1779997134468
1779997135061
1779997135659
1779997136227
1779997136814
1779997137354
1779997137921
1779997138461
1779997139037
1779997139670
1779997140220
1779997140814
1779997141368
1779997141930
1779997142503
1779997143073
1779997147278
1779997147870
1779997148432
1779997148985
1779997149527
1779997150129
1779997150704
1779997151252
1779997151851
1779997152389
1779997152951
1779997153504
1779997154102
1779997154688
1779997155229
1779997155819
1779997156366
1779997156949
1779997157511
1779997158107
1779997158707
1779997159260
1779997159853
1779997160392
1779997160972
1779997161537
1779997162106
1779997162706
1779997163284
1779997163864
1779997164374
1779997164952
1779997165549
1779997166129
1779997166729
1779997167284
1779997167871
1779997168381
1779997168959
1779997169580
1779997170153
1779997170740
1779997171279
1779997171889
1779997172411
1779997172980
1779997173542
1779997174121
1779997174734
1779997175286
1779997175896
1779997176400
1779997176985
1779997177566
1779997178150
1779997178753
1779997179284
1779997179876
1779997180407
1779997180998
1779997181600
1779997182200
1779997182791
1779997183374
1779997183940
1779997184474
1779997185038
1779997185630
1779997186203
1779997186784
1779997187366
1779997187948
1779997188504
1779997189082
1779997189655
1779997190240
1779997190811
1779997191360
1779997191928
1779997192488
1779997193078
1779997193677
1779997194256
1779997194834
1779997195389
1779997195977
1779997196505
1779997197097
1779997197693
1779997198269
1779997198855
1779997199416
1779997199989
1779997200561
1779997201157
1779997203018
1779997203751
1779997204164
1779997204529
1779997204833
1779997208613
1779997209219
1779997209805
1779997210442
1779997211033
1779997211628
1779997212257
1779997212868
1779997213538
1779997214120
1779997214762
1779997215317
1779997215875
1779997216521
1779997217060
1779997217650
1779997218201
1779997218824
1779997219396
1779997219986
1779997220591
1779997221182
1779997221826
1779997222447
1779997223083
1779997223770
1779997224369
1779997224982
1779997225596
1779997226164
1779997226755
1779997227356
1779997227921
1779997228529
1779997229118
1779997229788
1779997230378
1779997231023
1779997231670
1779997232305
1779997232923
1779997233574
1779997234213
1779997234872
1779997235449
1779997235953
1779997236386
1779997236966
1779997237622
1779997238227
1779997238848
1779997239448
1779997240131
1779997240762
1779997241334
1779997243080
1779997244276
1779997244921
1779997245588
1779997246216
1779997246886
1779997248892
1779997249551
1779997250117
1779997250676
1779997251240
1779997252959
1779997253665
1779997254218
1779997254837
1779997255405
1779997256011
1779997256634
1779997257222
1779997257891
1779997258455
1779997259016
1779997259670
1779997260234
1779997260799
1779997261419
1779997262069
1779997262915
1779997263449
1779997264057
1779997264707
1779997265218
1779997265859
1779997267318
1779997268220
1779997268767
1779997269396
1779997270038
1779997296962
1779997297622
1779997298225
1779997298883
1779997299468
1779997300085
1779997300846
1779997305048
1779997305668
1779997306240
1779997306877
1779997307424
1779997308055
1779997308694
1779997309246
1779997309878
1779997310410
1779997311069
1779997311720
1779997312321
1779997312949
1779997313526
1779997314181
1779997314857
1779997315463
1779997316113
1779997316793
1779997317348
1779997317943
1779997318514
1779997319141
1779997319761
1779997320335
1779997320956
1779997321560
1779997322241
1779997322886
1779997323472
1779997324090
1779997324697
1779997325279
1779997325905
1779997326458
1779997327042
1779997327669
1779997328205
1779997328875
1779997329472
1779997330112
1779997330744
1779997331311
1779997331979
1779997332542
1779997333210
1779997333815
1779997334338
1779997334995
1779997335517
1779997336219
1779997336797
1779997337377
1779997337895
1779997338403
1779997339012
1779997339633
1779997340220
1779997340844
1779997341413
1779997342081
1779997342663
1779997343259
1779997343862
1779997344450
1779997345114
1779997345759
1779997346374
1779997347000
1779997347582
1779997348096
1779997348670
1779997349241
1779997349851
1779997350417
1779997351055
1779997351626
1779997352248
1779997352833
1779997353469
1779997354328
1779997354931
1779997355522
1779997356180
1779997356807
1779997357415
1779997358042
1779997358606
1779997359217
1779997359822
1779997360405
1779997361071
1779997361662
1779997362239
1779997362902
1779997363465
1779997364095
1779997364714
1779997365350
1779997369565
1779997370166
1779997370760
1779997371396
1779997372032
1779997372513
1779997373102
1779997373631
1779997374251
1779997374856
1779997375387
1779997376013
1779997376636
1779997377206
1779997377815
1779997378392
1779997379052
1779997379553
1779997380183
1779997380744
1779997381327
1779997381910
1779997382493
1779997383154
1779997383747
1779997384362
1779997385000
1779997385593
1779997386262
1779997386862
1779997387448
1779997388073
1779997388667
1779997389206
1779997389774
1779997390384
1779997390996
1779997391540
1779997392186
1779997392772
1779997393422
1779997394041
1779997394632
1779997395244
1779997395816
1779997396423
1779997397092
1779997397660
1779997398217
1779997398771
1779997399421
1779997400023
1779997400675
1779997401275
1779997401793
1779997402365
1779997402957
1779997403514
1779997404124
1779997404722
1779997405327
1779997405945
1779997406479
1779997406974
1779997407474
1779997408134
1779997408721
1779997409304
1779997409913
1779997410534
1779997411240
1779997411842
1779997412469
1779997413124
1779997413694
1779997414345
1779997414925
1779997415471
1779997416100
1779997416708
1779997417305
1779997417871
1779997418497
1779997419111
1779997419792
1779997420425
1779997421055
1779997421657
1779997422283
1779997422927
1779997423520
1779997424201
1779997424827
1779997425438
1779997426093
1779997426752
1779997427342
1779997427944
1779997428520
1779997429166
1779997433377
1779997433945
1779997434551
1779997435195
1779997435818
1779997436402
1779997437002
1779997437582
1779997438249
1779997438800
1779997439431
1779997440043
1779997440607
1779997441076
1779997441655
1779997442255
1779997442883
1779997443474
1779997444008
1779997444613
1779997445224
1779997446058
1779997446880
1779997447673
1779997448348
1779997449006
1779997449607
1779997450244
1779997450898
1779997451420
1779997451989
1779997452491
1779997453035
1779997453600
1779997454174
1779997454786
1779997455369
1779997455977
1779997456554
1779997457179
1779997457775
1779997458355
1779997458949
1779997459544
1779997460127
1779997460717
1779997461261
1779997461841
1779997462391
1779997462976
1779997463577
1779997464177
1779997464787
1779997465366
1779997465975
1779997466572
1779997467191
1779997467774
1779997468326
1779997468902
1779997469467
1779997470041
1779997470621
1779997471195
1779997471823
1779997472363
1779997472947
1779997473505
1779997474104
1779997474660
1779997475218
1779997475757
1779997476322
1779997476904
1779997477477
1779997478099
1779997478700
1779997479251
1779997479863
1779997480384
1779997480946
1779997481530
1779997482096
1779997482670
1779997483221
1779997483805
1779997484345
1779997484917
1779997485487
1779997486098
1779997486709
1779997487312
1779997487918
1779997488483
1779997489086
1779997489679
1779997490221
1779997490802
1779997491366
1779997491957
1779997496199
1779997496766
1779997497322
1779997497922
1779997498464
1779997499030
1779997499620
1779997500217
1779997500791
1779997501379
1779997501973
1779997502540
1779997503108
1779997503700
1779997504239
1779997504807
1779997505349
1779997505962
1779997506521
1779997507113
1779997507697
1779997508225
1779997508801
1779997509351
1779997509991
1779997510484
1779997511055
1779997511639
1779997512217
1779997512801
1779997513379
1779997514006
1779997514571
1779997515145
1779997515726
1779997516260
1779997516820
1779997517401
1779997518036
1779997518632
1779997519217
1779997519817
1779997520398
1779997520999
1779997521558
1779997522119
1779997522701
1779997523243
1779997523831
1779997524397
1779997524960
1779997525514
1779997526075
1779997526659
1779997527237
1779997527786
1779997528341
1779997528906
1779997529475
1779997530061
1779997530645
1779997531191
1779997531775
1779997532333
1779997532928
1779997533482
1779997534053
1779997534623
1779997535170
1779997535760
1779997536328
1779997536868
1779997537454
1779997538000
1779997538566
1779997539148
1779997539736
1779997540303
1779997540914
1779997541495
1779997542087
1779997542651
1779997543196
1779997543792
1779997544422
1779997544997
1779997545564
1779997546139
1779997546708
1779997547241
1779997547817
1779997548370
1779997548964
1779997549510
1779997550088
1779997550664
1779997551217
1779997551812
1779997552385
1779997552964
1779997557126
1779997557763
1779997558337
1779997558961
1779997559516
1779997560118
1779997560670
1779997561212
1779997561805
1779997562372
1779997562960
1779997563509
1779997564067
1779997564663
1779997565226
1779997565830
1779997566406
1779997567003
1779997567567
1779997568124
1779997568714
1779997569257
1779997569878
1779997570431
1779997571037
1779997571649
1779997572233
1779997572831
1779997573373
1779997573967
1779997574507
1779997575086
1779997575666
1779997576235
1779997576801
1779997577349
1779997577933
1779997578592
1779997579165
1779997579762
1779997580288
1779997580919
1779997581482
1779997582078
1779997582675
1779997583259
1779997583858
1779997584389
1779997584973
1779997585523
1779997586102
1779997586683
1779997587216
1779997587814
1779997588379
1779997588987
1779997589560
1779997590173
1779997590724
1779997591176
1779997591663
1779997592248
1779997592849
1779997593481
1779997594082
1779997594704
1779997595307
1779997595898
1779997596445
1779997597065
1779997597661
1779997598214
1779997598812
1779997599371
1779997599932
1779997600522
1779997601123
1779997601712
1779997602262
1779997602839
1779997603412
1779997603990
1779997604538
1779997605134
1779997605740
1779997606312
1779997606892
1779997607464
1779997608026
1779997608633
1779997609169
1779997609782
1779997610377
1779997611017
1779997611596
1779997612173
1779997612786
1779997613354
1779997613977
1779997614571
1779997618773
1779997619418
1779997620002
1779997620658
1779997621266
1779997621850
1779997622425
1779997622989
1779997623525
1779997624093
1779997624675
1779997625233
1779997625839
1779997626385
1779997626953
1779997627532
1779997628112
1779997628719
1779997629307
1779997629907
1779997630491
1779997631073
1779997631715
1779997632292
1779997632883
1779997633492
1779997634091
1779997634686
1779997635274
1779997635832
1779997636366
1779997636945
1779997637500
1779997638128
1779997638731
1779997639294
1779997639926
1779997640465
1779997641040
1779997641643
1779997642192
1779997642777
1779997643339
1779997643905
1779997644477
1779997645074
1779997645695
1779997646296
1779997646900
1779997647472
1779997648078
1779997648679
1779997649284
1779997649893
1779997650509
1779997651119
1779997651719
1779997652300
1779997652914
1779997653507
1779997654122
1779997654709
1779997655297
1779997655910
1779997656503
1779997657086
1779997657707
1779997658294
1779997658903
1779997659493
1779997660099
1779997660688
1779997661263
1779997661820
1779997662355
1779997662938
1779997663548
1779997664148
1779997664785
1779997665369
1779997665970
1779997666537
1779997667142
1779997667738
1779997668324
1779997668937
1779997669495
1779997670064
1779997670628
1779997671165
1779997671769
1779997672322
1779997672907
1779997673454
1779997674025
1779997674630
1779997675192
1779997675771
1779997676406
1779997676987
1779997681170
1779997681805
1779997682374
1779997682960
1779997683507
1779997684087
1779997684650
1779997685270
1779997685839
1779997686357
1779997686902
1779997687457
1779997688064
1779997688677
1779997689232
1779997689798
1779997690349
1779997690939
1779997691497
1779997692075
1779997692678
1779997693246
1779997693849
1779997694372
1779997694937
1779997695508
1779997696096
1779997696714
1779997697282
1779997697885
1779997698415
1779997699019
1779997699656
1779997700201
1779997700772
1779997701329
1779997701945
1779997702515
1779997703084
1779997703696
1779997704254
1779997704812
1779997705390
1779997705977
1779997706563
1779997707176
1779997707787
1779997708353
1779997708941
1779997709516
1779997710123
1779997710718
1779997711308
1779997711912
1779997712441
1779997713031
1779997713615
1779997714158
1779997714776
1779997715366
1779997715947
1779997716479
1779997717048
1779997717629
1779997718174
1779997718786
1779997719345
1779997719981
1779997720546
1779997721143
1779997721727
1779997722265
1779997722853
1779997723408
1779997724013
1779997724606
1779997725186
1779997725816
1779997726425
1779997727032
1779997727662
1779997728242
1779997728843
1779997729438
1779997730026
1779997730649
1779997731193
1779997731767
1779997732288
1779997732891
1779997733464
1779997734036
1779997734609
1779997735165
1779997735757
1779997736314
1779997736907
1779997737495
1779997738074
1779997738656
1779997742786
1779997743342
1779997743910
1779997744486
1779997745106
1779997745701
1779997746275
1779997746825
1779997747371
1779997747954
1779997748493
1779997749093
1779997749713
1779997750281
1779997750881
1779997751433
1779997751989
1779997752520
1779997753133
1779997753740
1779997754320
1779997754944
1779997755537
1779997756146
1779997756735
1779997757244
1779997757831
1779997758387
1779997758991
1779997759576
1779997760169
1779997760795
1779997761382
1779997761974
1779997762574
1779997763180
1779997763793
1779997764367
1779997764929
1779997765475
1779997766035
1779997766617
1779997767210
1779997767795
1779997768347
1779997768909
1779997769475
1779997770077
1779997770701
1779997771274
1779997771825
1779997772370
1779997772927
1779997773494
1779997774085
1779997774693
1779997775275
1779997775882
1779997776461
1779997777032
1779997777625
1779997778193
1779997778763
1779997779345
1779997779930
1779997780502
1779997781098
1779997781694
1779997782243
1779997782839
1779997783387
1779997783968
1779997784543
1779997785139
1779997785771
1779997786333
1779997786958
1779997787523
1779997788077
1779997788658
1779997789206
1779997789809
1779997790349
1779997790932
1779997791471
1779997792039
1779997792618
1779997793230
1779997793813
1779997794360
1779997794954
1779997795472
1779997796130
1779997796705
1779997797262
1779997797820
1779997798341
1779997798922
1779997799480
1779997800082
1779997804223
1779997804848
1779997805408
1779997805981
1779997806538
1779997807124
1779997807714
1779997808270
1779997808829
1779997809401
1779997809989
1779997810546
1779997811099
1779997811680
1779997812223
1779997812778
1779997813368
1779997813970
1779997814546
1779997815199
1779997815827
1779997816385
1779997816989
1779997817600
1779997818181
1779997818794
1779997819375
1779997819982
1779997820583
1779997821196
1779997821813
1779997822379
1779997822971
1779997823505
1779997824086
1779997824684
1779997825235
1779997825807
1779997826347
1779997826912
1779997827467
1779997828063
1779997828655
1779997829242
1779997829843
1779997830385
1779997830964
1779997831496
1779997832088
1779997832683
1779997833251
1779997833842
1779997834397
1779997834975
1779997835518
1779997836103
1779997836669
1779997837220
1779997837823
1779997838347
1779997838920
1779997839490
1779997840075
1779997840633
1779997841208
1779997841799
1779997842356
1779997842977
1779997843519
1779997844109
1779997844674
1779997845233
1779997845799
1779997846356
1779997846958
1779997847518
1779997848131
1779997848723
1779997849285
1779997849941
1779997850551
1779997851144
1779997851758
1779997852330
1779997852925
1779997853518
1779997854103
1779997854693
1779997855267
1779997855847
1779997856377
1779997856954
1779997857577
1779997858176
1779997858811
1779997859377
1779997859967
1779997860584
1779997861187
1779997861805
1779997865998
1779997866600
1779997867168
1779997867764
1779997868317
1779997868902
1779997869456
1779997870037
1779997870608
1779997871198
1779997871823
1779997872407
1779997872996
1779997873590
1779997874123
1779997874703
1779997875243
1779997875957
1779997876502
1779997877072
1779997877646
1779997878196
1779997878777
1779997879344
1779997879941
1779997880493
1779997881112
1779997881669
1779997882198
1779997882794
1779997883355
1779997883915
1779997884422
1779997885040
1779997885594
1779997886159
1779997886726
1779997887250
1779997887816
1779997888397
1779997888937
1779997889508
1779997890080
1779997890687
1779997891225
1779997891835
1779997892380
1779997892967
1779997893496
1779997894082
1779997894676
1779997895260
1779997895867
1779997896455
1779997897052
1779997897667
1779997898241
1779997898849
1779997899432
1779997900044
1779997900636
1779997901182
1779997901781
1779997902357
1779997902894
1779997903465
1779997904051
1779997904648
1779997905204
1779997905792
1779997906318
1779997906902
1779997907469
1779997908058
1779997908603
1779997909181
1779997909772
1779997910321
1779997910938
1779997911505
1779997912055
1779997912614
1779997913164
1779997913790
1779997914364
1779997914940
1779997915492
1779997916105
1779997916667
1779997917241
1779997917813
1779997918365
1779997918961
1779997919551
1779997920140
1779997920740
1779997921310
1779997921886
1779997922435
1779997922993
1779997927209
1779997927772
1779997928335
1779997928930
1779997929509
1779997930116
1779997930699
1779997931211
1779997931786
1779997932342
1779997932928
1779997933507
1779997934065
1779997934658
1779997935197
1779997935787
1779997936337
1779997936948
1779997937501
1779997938056
1779997938614
1779997939182
1779997939798
1779997940345
1779997940964
1779997941569
1779997942158
1779997942778
1779997943357
1779997943941
1779997944492
1779997945059
1779997945638
1779997946175
1779997946778
1779997947436
1779997948002
1779997948603
1779997949169
1779997949761
1779997950332
1779997950919
1779997951474
1779997952033
1779997952618
1779997953176
1779997953780
1779997954313
1779997954876
1779997955447
1779997956005
1779997956599
1779997957144
1779997957741
1779997958282
1779997958876
1779997959447
1779997960064
1779997960654
1779997961241
1779997961842
1779997962382
1779997962981
1779997963533
1779997964102
1779997964699
1779997965278
1779997965881
1779997966423
1779997966999
1779997967560
1779997968164
1779997968746
1779997969344
1779997969932
1779997970485
1779997971063
1779997971650
1779997972203
1779997972776
1779997973375
1779997973975
1779997974547
1779997975173
1779997975783
1779997976348
1779997976923
1779997977480
1779997978088
1779997978686
1779997979241
1779997979842
1779997980413
1779997981022
1779997981626
1779997982207
1779997982792
1779997983363
1779997983916
1779997984471
1779997988700
1779997989290
1779997989882
1779997990433
1779997991025
1779997991631
1779997992220
1779997992833
1779997993422
1779997994003
1779997994611
1779997995178
1779997995797
1779997996381
1779997996945
1779997997497
1779997998059
1779997998647
1779997999237
1779997999849
1779998000427
1779998001046
1779998001616
1779998002175
1779998002750
1779998003292
1779998003890
1779998004443
1779998005030
1779998005657
1779998006265
1779998006858
1779998007475
1779998008046
1779998008628
1779998009220
1779998009858
1779998010390
1779998010959
1779998011507
1779998012071
1779998012649
1779998013246
1779998013852
1779998014426
1779998014987
1779998015522
1779998016109
1779998016708
1779998017285
1779998017893
1779998018446
1779998019031
1779998019613
1779998020156
1779998020750
1779998021342
1779998021921
1779998022469
1779998023030
1779998023651
1779998024183
1779998024766
1779998025354
1779998025957
1779998026501
1779998027115
1779998027732
1779998028305
1779998028880
1779998029437
1779998030001
1779998030573
1779998031134
1779998031750
1779998032317
1779998032918
1779998033499
1779998034097
1779998034716
1779998035248
1779998035854
1779998036379
1779998037001
1779998037622
1779998038192
1779998038792
1779998039352
1779998039902
1779998040460
1779998041049
1779998041651
1779998042238
1779998042924
1779998043503
1779998044061
1779998044622
1779998045186
1779998045775
1779998046311
1779998050522
1779998051114
1779998051752
1779998052316
1779998052920
1779998053496
1779998054098
1779998054661
1779998055217
1779998055790
1779998056330
1779998056903
1779998057464
1779998058039
1779998058605
1779998059191
1779998059792
1779998060352
1779998060959
1779998061499
1779998062071
1779998062635
1779998063195
1779998063780
1779998064312
1779998064865
1779998065446
1779998066036
1779998066662
1779998067230
1779998067811
1779998068343
1779998068881
1779998069469
1779998070070
1779998070683
1779998071277
1779998071889
1779998072435
1779998073007
1779998073602
1779998074145
1779998074708
1779998075278
1779998075903
1779998076471
1779998077046
1779998077652
1779998078223
1779998078789
1779998079354
1779998079960
1779998080472
1779998081100
1779998081692
1779998082264
1779998082855
1779998083441
1779998084035
1779998084604
1779998085179
1779998085763
1779998086305
1779998086876
1779998087457
1779998088071
1779998088671
1779998089212
1779998089815
1779998090364
1779998090940
1779998091507
1779998092084
1779998092715
1779998093279
1779998093860
1779998094461
1779998095036
1779998095690
1779998096287
1779998096879
1779998097458
1779998098042
1779998098660
1779998099222
1779998099833
1779998100376
1779998100955
1779998101509
1779998102079
1779998102680
1779998103250
1779998103874
1779998104435
1779998105003
1779998105594
1779998106143
1779998106747
1779998107303
1779998107913
1779998112058
1779998112639
1779998113233
1779998113839
1779998114425
1779998115058
1779998115654
1779998116230
1779998116803
1779998117349
1779998117932
1779998118493
1779998119070
1779998119680
1779998120255
1779998120864
1779998121411
1779998121976
1779998122522
1779998123117
1779998123732
1779998124301
1779998124866
1779998125458
1779998126034
1779998126618
1779998127161
1779998127790
1779998128369
1779998128967
1779998129562
1779998130159
1779998130749
1779998131301
1779998131858
1779998132418
1779998133020
1779998133619
1779998134201
1779998134785
1779998135331
1779998135895
1779998136467
1779998137063
1779998137667
1779998138228
1779998138838
1779998139437
1779998140007
1779998140635
1779998141176
1779998141760
1779998142322
1779998142892
1779998143472
1779998144058
1779998144674
1779998145244
1779998145870
1779998146412
1779998146983
1779998147502
1779998148112
1779998148678
1779998149239
1779998149858
1779998150412
1779998151030
1779998151628
1779998152244
1779998152806
1779998153363
1779998153910
1779998154477
1779998155103
1779998155698
1779998156276
1779998156814
1779998157372
1779998157937
1779998158492
1779998159112
1779998159713
1779998160309
1779998160894
1779998161437
1779998161964
1779998162529
1779998163152
1779998163733
1779998164355
1779998164939
1779998165519
1779998166092
1779998166658
1779998167300
1779998167873
1779998168436
1779998169034
1779998169642
1779998173834
1779998174400
1779998175023
1779998175641
1779998176197
1779998176798
1779998177356
1779998177907
1779998178519
1779998179083
1779998179687
1779998180185
1779998180792
1779998181350
1779998181877
1779998182411
1779998183051
1779998183688
1779998184249
1779998184870
1779998185417
1779998185998
1779998186545
1779998187122
1779998187700
1779998188282
1779998188845
1779998189396
1779998189968
1779998190515
1779998191099
1779998191689
1779998192278
1779998192813
1779998193374
1779998193944
1779998194493
1779998195117
1779998195709
1779998196292
1779998196858
1779998197425
1779998198015
1779998198596
1779998199160
1779998199763
1779998200311
1779998200882
1779998201460
1779998202058
1779998202656
1779998203197
1779998203822
1779998204393
1779998204964
1779998205565
1779998206165
1779998206787
1779998207383
1779998208022
1779998208631
1779998209208
1779998209834
1779998210396
1779998211001
1779998211614
1779998212166
1779998212801
1779998213393
1779998213987
1779998214498
1779998215074
1779998215669
1779998216243
1779998216814
1779998217363
1779998217945
1779998218517
1779998219091
1779998219719
1779998220294
1779998220907
1779998221494
1779998222084
1779998222699
1779998223327
1779998223925
1779998224497
1779998225102
1779998225707
1779998226273
1779998226924
1779998227499
1779998228080
1779998228633
1779998229180
1779998229802
1779998230369
1779998230962
1779998231510
1779998235647
1779998236199
1779998236780
1779998237350
1779998237939
1779998238491
1779998239056
1779998239637
1779998240235
1779998240823
1779998241411
1779998241971
1779998242529
1779998243121
1779998243736
1779998244303
1779998244869
1779998245414
1779998245993
1779998246535
1779998247142
1779998247748
1779998248327
1779998248914
1779998249472
1779998250040
1779998250643
1779998251182
1779998251805
1779998252381
1779998252989
1779998253580
1779998254193
1779998254808
1779998255392
1779998256021
1779998256598
1779998257233
1779998257889
1779998258445
1779998259047
1779998259654
1779998260221
1779998260791
1779998261364
1779998261929
1779998262482
1779998263058
1779998263685
1779998264251
1779998264857
1779998265439
1779998266050
1779998266631
1779998267182
1779998267781
1779998268330
1779998268891
1779998269495
1779998270089
1779998270664
1779998271264
1779998271882
1779998272541
1779998273134
1779998273727
1779998274284
1779998274864
1779998275441
1779998276037
1779998276636
1779998277215
1779998277819
1779998278395
1779998278997
1779998279608
1779998280212
1779998280820
1779998281406
1779998282007
1779998282593
1779998283136
1779998283713
1779998284249
1779998284836
1779998285429
1779998286014
1779998286591
1779998287174
1779998287780
1779998288338
1779998288947
1779998289498
1779998290067
1779998290635
1779998291207
1779998291794
1779998292348
1779998292919
1779998293451
1779998297662
1779998298260
1779998298878
1779998299453
1779998300056
1779998300665
1779998301276
1779998301891
1779998302489
1779998303124
1779998303740
1779998304289
1779998304892
1779998305458
1779998306051
1779998306703
1779998307275
1779998307893
1779998308432
1779998309042
1779998309648
1779998310215
1779998310768
1779998311309
1779998311896
1779998312466
1779998313073
1779998313678
1779998314244
1779998314812
1779998315377
1779998315925
1779998316495
1779998317086
1779998317681
1779998318243
1779998318868
1779998319464
1779998320117
1779998320725
1779998321320
1779998321920
1779998322510
1779998323104
1779998323705
1779998324277
1779998324835
1779998325392
1779998325958
1779998326520
1779998327095
1779998327661
1779998328212
1779998328803
1779998329383
1779998329964
1779998330532
1779998331097
1779998331658
1779998332200
1779998332803
1779998333375
1779998333969
1779998334513
1779998335093
1779998335710
1779998336260
1779998336818
1779998337379
1779998337944
1779998338493
1779998339065
1779998339686
1779998340254
1779998340847
1779998341470
1779998342048
1779998342652
1779998343244
1779998343864
1779998344400
1779998345018
1779998345632
1779998346184
1779998346771
1779998347326
1779998347933
1779998348526
1779998349135
1779998349732
1779998350360
1779998350947
1779998351518
1779998352082
1779998352656
1779998353203
1779998353792
1779998354431
1779998355069
1779998355668
1779998359864
1779998360484
1779998361067
1779998361678
1779998362254
1779998362821
1779998363383
1779998363960
1779998364498
1779998365075
1779998365686
1779998366275
1779998366864
1779998367458
1779998368055
1779998368665
1779998369233
1779998369815
1779998370369
1779998370949
1779998371526
1779998372122
1779998372726
1779998373270
1779998373854
1779998374383
1779998374975
1779998375551
1779998376161
1779998376766
1779998377316
1779998377898
1779998378465
1779998379057
1779998379642
1779998380238
1779998380817
1779998381406
1779998381998
1779998382572
1779998383177
1779998383814
1779998384379
1779998384954
1779998385501
1779998386078
1779998386636
1779998387189
1779998387792
1779998388363
1779998388908
1779998389460
1779998390049
1779998390653
1779998391208
1779998391825
1779998392388
1779998392975
1779998393526
1779998394122
1779998394709
1779998395250
1779998395830
1779998396374
1779998396972
1779998397563
1779998398174
1779998398768
1779998399348
1779998399936
1779998400547
1779998401125
1779998401706
1779998402249
1779998402812
1779998403449
1779998404043
1779998404656
1779998405248
1779998405833
1779998406359
1779998406914
1779998407452
1779998408012
1779998408585
1779998409118
1779998409716
1779998410260
1779998410843
1779998411397
1779998411968
1779998412532
1779998413113
1779998413698
1779998414269
1779998414878
1779998415449
1779998416107
1779998416696
1779998417268
1779998421519
1779998422085
1779998422662
1779998423215
1779998423808
1779998424362
1779998424914
1779998425494
1779998426091
1779998426699
1779998427279
1779998427903
1779998428473
1779998429058
1779998429622
1779998430182
1779998430766
1779998431342
1779998431924
1779998432499
1779998433086
1779998433665
1779998434226
1779998434831
1779998435371
1779998435933
1779998436510
1779998437081
1779998437668
1779998438225
1779998438810
1779998439365
1779998439928
1779998440497
1779998441055
1779998441656
1779998442212
1779998442775
1779998443370
1779998443958
1779998444547
1779998445151
1779998445757
1779998446337
1779998446931
1779998447474
1779998448073
1779998448630
1779998449165
1779998449797
1779998450348
1779998450944
1779998451492
1779998452058
1779998452639
1779998453185
1779998453819
1779998454380
1779998454994
1779998455521
1779998456096
1779998456651
1779998457201
1779998457858
1779998458449
1779998459052
1779998459661
1779998460257
1779998460851
1779998461533
1779998462108
1779998462699
1779998463277
1779998463880
1779998464439
1779998465008
1779998465609
1779998466148
1779998466712
1779998467270
1779998467844
1779998468376
1779998468965
1779998469488
1779998470041
1779998470590
1779998471117
1779998471683
1779998472210
1779998472801
1779998473388
1779998474001
1779998474598
1779998475215
1779998475823
1779998476376
1779998476930
1779998477489
1779998478055
1779998478668
1779998482902
1779998483523
1779998484106
1779998484693
1779998485255
1779998485837
1779998486420
1779998487008
1779998487616
1779998488168
1779998488736
1779998489330
1779998489926
1779998490529
1779998491142
1779998491733
1779998492294
1779998492851
1779998493409
1779998494011
1779998494572
1779998495166
1779998495783
1779998496369
1779998496961
1779998497568
1779998498171
1779998498763
1779998499355
1779998499932
1779998500476
1779998501071
1779998501666
1779998502246
1779998502840
1779998503395
1779998503990
1779998504549
1779998505130
1779998505723
1779998506296
1779998506853
1779998507435
1779998508019
1779998508562
1779998509109
1779998509694
1779998510259
1779998510829
1779998511385
1779998511976
1779998512540
1779998513085
1779998513693
1779998514254
1779998514846
1779998515390
1779998515988
1779998516543
1779998517130
1779998517761
1779998518369
1779998518966
1779998519511
1779998520152
1779998520739
1779998521313
1779998521907
1779998522450
1779998523050
1779998523741
1779998524276
1779998524879
1779998525465
1779998526063
1779998526635
1779998527181
1779998527760
1779998528303
1779998528957
1779998529508
1779998530103
1779998530696
1779998531277
1779998531897
1779998532501
1779998533092
1779998533687
1779998534288
1779998534869
1779998535451
1779998536077
1779998536625
1779998537209
1779998537787
1779998538335
1779998538912
1779998539515
1779998540106
1779998540713
1779998544895
1779998545497
1779998546116
1779998546719
1779998547294
1779998547914
1779998548478
1779998549066
1779998549698
1779998550271
1779998550866
1779998551414
1779998551995
1779998552532
1779998553140
1779998553716
1779998554289
1779998554900
1779998555455
1779998556077
1779998556658
1779998557187
1779998557766
1779998558333
1779998558886
1779998559472
1779998560063
1779998560659
1779998561287
1779998561890
1779998562487
1779998563077
1779998563688
1779998564262
1779998564863
1779998565406
1779998565966
1779998566514
1779998567132
1779998567750
1779998568322
1779998568937
1779998569511
1779998570113
1779998570712
1779998571232
1779998571819
1779998572388
1779998572979
1779998573551
1779998574122
1779998574733
1779998575289
1779998575887
1779998576406
1779998577010
1779998577616
1779998578200
1779998578788
1779998579324
1779998579875
1779998580445
1779998581076
1779998581698
1779998582267
1779998582828
1779998583364
1779998583932
1779998584485
1779998585087
1779998585709
1779998586270
1779998586858
1779998587426
1779998588036
1779998588653
1779998589213
1779998589840
1779998590372
1779998590962
1779998591515
1779998592082
1779998592693
1779998593274
1779998593883
1779998594443
1779998595000
1779998595572
1779998596128
1779998596703
1779998597264
1779998597820
1779998598363
1779998598949
1779998599495
1779998600097
1779998600709
1779998601297
1779998601906
1779998602449
1779998606619
1779998607254
1779998607846
1779998608421
1779998609011
1779998609590
1779998610116
1779998610713
1779998611287
1779998611896
1779998612467
1779998613053
1779998613659
1779998614240
1779998614845
1779998615434
1779998616007
1779998616565
1779998617111
1779998617672
1779998618234
1779998618847
1779998619445
1779998620045
1779998620635
1779998621223
1779998621842
1779998622411
1779998623044
1779998623646
1779998624226
1779998624868
1779998625406
1779998626013
1779998626605
1779998627193
1779998627799
1779998628351
1779998628943
1779998629498
1779998630095
1779998630696
1779998631276
1779998631889
1779998632458
1779998633022
1779998633583
1779998634149
1779998634725
1779998635305
1779998635946
1779998636520
1779998637129
1779998637723
1779998638262
1779998638796
1779998639383
1779998639990
1779998640590
1779998641180
1779998641775
1779998642296
1779998642865
1779998643445
1779998644043
1779998644650
1779998645227
1779998645825
1779998646369
1779998646934
1779998647478
1779998648073
1779998648651
1779998649216
1779998649798
1779998650371
1779998650941
1779998651502
1779998652087
1779998652678
1779998653245
1779998653856
1779998654411
1779998655040
1779998655644
1779998656195
1779998656763
1779998657354
1779998657970
1779998658545
1779998659121
1779998659714
1779998660248
1779998660848
1779998661432
1779998662023
1779998662626
1779998663193
1779998663818
1779998664393
1779998668578
1779998669183
1779998669793
1779998670386
1779998671013
1779998671604
1779998672205
1779998672840
1779998673451
1779998674029
1779998674640
1779998675205
1779998675802
1779998676355
1779998676919
1779998677474
1779998678065
1779998678653
1779998679195
1779998679777
1779998680322
1779998680915
1779998681492
1779998682086
1779998682673
1779998683247
1779998683812
1779998684353
1779998684922
1779998685497
1779998686106
1779998686652
1779998687208
1779998687793
1779998688334
1779998688929
1779998689526
1779998690092
1779998690697
1779998691272
1779998691908
1779998692500
1779998693117
1779998693717
1779998694319
1779998694938
1779998695486
1779998696093
1779998696683
1779998697263
1779998697876
1779998698454
1779998699040
1779998699603
1779998700155
1779998700698
1779998701278
1779998701863
1779998702406
1779998702992
1779998703544
1779998704121
1779998704736
1779998705307
1779998705926
1779998706474
1779998707048
1779998707637
1779998708156
1779998708775
1779998709364
1779998709966
1779998710514
1779998711083
1779998711673
1779998712251
1779998712884
1779998713470
1779998714070
1779998714664
1779998715244
1779998715858
1779998716408
1779998716984
1779998717519
1779998718119
1779998718708
1779998719262
1779998719858
1779998720393
1779998720963
1779998721544
1779998722150
1779998722736
1779998723355
1779998723957
1779998724510
1779998725073
1779998725654
1779998726208
1779998730396
1779998730993
1779998731561
1779998732150
1779998732763
1779998733340
1779998733945
1779998734497
1779998735062
1779998735644
1779998736186
1779998736812
1779998737411
1779998737995
1779998738555
1779998739139
1779998739719
1779998740271
1779998740844
1779998741433
1779998742030
1779998742627
1779998743171
1779998743763
1779998744299
1779998744874
1779998745471
1779998746071
1779998746669
1779998747258
1779998747868
1779998748435
1779998749032
1779998749657
1779998750234
1779998750852
1779998751416
1779998752023
1779998752635
1779998753334
1779998753902
1779998754449
1779998755048
1779998755795
1779998756369
1779998756979
1779998757579
1779998758177
1779998758769
1779998759362
1779998759961
1779998760556
1779998761147
1779998761757
1779998762330
1779998762949
1779998763504
1779998764080
1779998764680
1779998765235
1779998765811
1779998766371
1779998766939
1779998767496
1779998768135
1779998768725
1779998769350
1779998769937
1779998770533
1779998771126
1779998771767
1779998772294
1779998772887
1779998773475
1779998774060
1779998774668
1779998775266
1779998775884
1779998776450
1779998776993
1779998777562
1779998778142
1779998778791
1779998779351
1779998779928
1779998780511
1779998781149
1779998781732
1779998782341
1779998782938
1779998783515
1779998784103
1779998784691
1779998785253
1779998785845
1779998786400
1779998786994
1779998787504
1779998788078
1779998788660
1779998792859
1779998793459
1779998794060
1779998794664
1779998795230
1779998795848
1779998796407
1779998796941
1779998797482
1779998798090
1779998798691
1779998799296
1779998799929
1779998800467
1779998801082
1779998801684
1779998802271
1779998802905
1779998803455
1779998804041
1779998804595
1779998805125
1779998805746
1779998806339
1779998806956
1779998807525
1779998808141
1779998808749
1779998809362
1779998809976
1779998810547
1779998811151
1779998811772
1779998812336
1779998812957
1779998813548
1779998814144
1779998814741
1779998815346
1779998815939
1779998816525
1779998817101
1779998817706
1779998818247
1779998818831
1779998819434
1779998820041
1779998820656
1779998821247
1779998821831
1779998822406
1779998822977
1779998823522
1779998824091
1779998824711
1779998825256
1779998825877
1779998826419
1779998827006
1779998827614
1779998828152
1779998828729
1779998829285
1779998829898
1779998830446
1779998831029
1779998831596
1779998832140
1779998832766
1779998833341
1779998833945
1779998834581
1779998835175
1779998835777
1779998836347
1779998836938
1779998837517
1779998838092
1779998838640
1779998839202
1779998839830
1779998840384
1779998840994
1779998841624
1779998842211
1779998842820
1779998843349
1779998843914
1779998844460
1779998845071
1779998845694
1779998846273
1779998846900
1779998847445
1779998848028
1779998848615
1779998849160
1779998849733
1779998850307
1779998850920
1779998855084
1779998855665
1779998856285
1779998856845
1779998857395
1779998857989
1779998858553
1779998859139
1779998859732
1779998860290
1779998860856
1779998861419
1779998862030
1779998862615
1779998863170
1779998863775
1779998864326
1779998864880
1779998865464
1779998866062
1779998866655
1779998867255
1779998867860
1779998868416
1779998869034
1779998869641
1779998870208
1779998870780
1779998871357
1779998871923
1779998872469
1779998873063
1779998873685
1779998874258
1779998874843
1779998875404
1779998876031
1779998876599
1779998877145
1779998877742
1779998878303
1779998878892
1779998879497
1779998880107
1779998880692
1779998881233
1779998881817
1779998882366
1779998882937
1779998883519
1779998884083
1779998884704
1779998885301
1779998885882
1779998886448
1779998887017
1779998887624
1779998888165
1779998888757
1779998889296
1779998889944
1779998890502
1779998891099
1779998891691
1779998892269
1779998892836
1779998893378
1779998893948
1779998894510
1779998895125
1779998895710
1779998896255
1779998896832
1779998897405
1779998897997
1779998898586
1779998899176
1779998899785
1779998900361
1779998900927
1779998901539
1779998902117
1779998902711
1779998903261
1779998903858
1779998904409
1779998905028
1779998905637
1779998906237
1779998906828
1779998907427
1779998908012
1779998908608
1779998909184
1779998909765
1779998910287
1779998910858
1779998911479
1779998912069
1779998912672
1779998916885
1779998917515
1779998918094
1779998918686
1779998919266
1779998919869
1779998920450
1779998921018
1779998921576
1779998922114
1779998922680
1779998923278
1779998923904
1779998924494
1779998925103
1779998925713
1779998926287
1779998926875
1779998927405
1779998928021
1779998928579
1779998929150
1779998929766
1779998930352
1779998930947
1779998931510
1779998932100
1779998932672
1779998933221
1779998933807
1779998934367
1779998934974
1779998935557
1779998936184
1779998936774
1779998937344
1779998937907
1779998938447
1779998939025
1779998939715
1779998940277
1779998940884
1779998941423
1779998942016
1779998942623
1779998943163
1779998943754
1779998944297
1779998944910
1779998945493
1779998946109
1779998946688
1779998947269
1779998947885
1779998948452
1779998949046
1779998949669
1779998950245
1779998950834
1779998951378
1779998951952
1779998952484
1779998953102
1779998953686
1779998954291
1779998954884
1779998955475
1779998956073
1779998956664
1779998957207
1779998957802
1779998958351
1779998958946
1779998959535
1779998960140
1779998960744
1779998961327
1779998961908
1779998962456
1779998963026
1779998963631
1779998964170
1779998964772
1779998965350
1779998965948
1779998966489
1779998967058
1779998967666
1779998968227
1779998968827
1779998969417
1779998970044
1779998970651
1779998971239
1779998971842
1779998972420
1779998972975
1779998973503
1779998974108
1779998974704
1779998978909
1779998979516
1779998980152
1779998980749
1779998981313
1779998981921
1779998982482
1779998983063
1779998983664
1779998984254
1779998984789
1779998985332
1779998985924
1779998986496
1779998987091
1779998987711
1779998988295
1779998988884
1779998989471
1779998990051
1779998990616
1779998991194
1779998991777
1779998992329
1779998992908
1779998993493
1779998994076
1779998994662
1779998995185
1779998995788
1779998996338
1779998996935
1779998997525
1779998998103
1779998998662
1779998999208
1779998999859
1779999000429
1779999000992
1779999001535
1779999002087
1779999002673
1779999003239
1779999003824
1779999004372
1779999004967
1779999005575
1779999006160
1779999006799
1779999007387
1779999007947
1779999008470
1779999009048
1779999009611
1779999010123
1779999010683
1779999011216
1779999011759
1779999012302
1779999012879
1779999013457
1779999014011
1779999014580
1779999015147
1779999015733
1779999016295
1779999016884
1779999017474
1779999018064
1779999018645
1779999019217
1779999019839
1779999020417
1779999021020
1779999021640
1779999022228
1779999022828
1779999023421
1779999024066
1779999024635
1779999025227
1779999025853
1779999026419
1779999027022
1779999027615
1779999028208
1779999028810
1779999029377
1779999029962
1779999030519
1779999031088
1779999031712
1779999032262
1779999032911
1779999033490
1779999034073
1779999034680
1779999035261
1779999035892
1779999036471
1779999040655
1779999041262
1779999041862
1779999042458
1779999043000
1779999043594
1779999044131
1779999044707
1779999045301
1779999045933
1779999046498
1779999047102
1779999047880
1779999048412
1779999048988
1779999049540
1779999050181
1779999050743
1779999051306
1779999051894
1779999052463
1779999053080
1779999053693
1779999054264
1779999054875
1779999055424
1779999056011
1779999056576
1779999057130
1779999057726
1779999058304
1779999058916
1779999059521
1779999060161
1779999060759
1779999061377
1779999061940
1779999062506
1779999063124
1779999063732
1779999064358
1779999064963
1779999065507
1779999066082
1779999066658
1779999067213
1779999067817
1779999068366
1779999068978
1779999069528
1779999070093
1779999070665
1779999071223
1779999071829
1779999072394
1779999073003
1779999073575
1779999074144
1779999074709
1779999075263
1779999075864
1779999076470
1779999077067
1779999077677
1779999078212
1779999078830
1779999079397
1779999079992
1779999080532
1779999081140
1779999081777
1779999082352
1779999082958
1779999083562
1779999084162
1779999084784
1779999085351
1779999085947
1779999086533
1779999087144
1779999087753
1779999088345
1779999088908
1779999089473
1779999090040
1779999090631
1779999091222
1779999091839
1779999092402
1779999093008
1779999093624
1779999094220
1779999094874
1779999095422
1779999096022
1779999096645
1779999097219
1779999097853
1779999098418
1779999099004
1779999103202
1779999103828
1779999104428
1779999105027
1779999105629
1779999106201
1779999106766
1779999107292
1779999107917
1779999108466
1779999109067
1779999109671
1779999110253
1779999110811
1779999111371
1779999111932
1779999112512
1779999113106
1779999113704
1779999114291
1779999114898
1779999115447
1779999116050
1779999116619
1779999117192
1779999117789
1779999118376
1779999118962
1779999119553
1779999120171
1779999120755
1779999121390
1779999122008
1779999122610
1779999123181
1779999123791
1779999124325
1779999124923
1779999125514
1779999126082
1779999126652
1779999127227
1779999127839
1779999128414
1779999129020
1779999129648
1779999130240
1779999130825
1779999131380
1779999131972
1779999132528
1779999133099
1779999133702
1779999134295
1779999134892
1779999135481
1779999136103
1779999136704
1779999137288
1779999137903
1779999138467
1779999139068
1779999139696
1779999140294
1779999140891
1779999141467
1779999142095
1779999142694
1779999143287
1779999143894
1779999144459
1779999145049
1779999145666
1779999146259
1779999146857
1779999147462
1779999148035
1779999148611
1779999149162
1779999149745
1779999150322
1779999150942
1779999151524
1779999152094
1779999152660
1779999153212
1779999153816
1779999154395
1779999155058
1779999155619
1779999156236
1779999156807
1779999157415
1779999158030
1779999158642
1779999159222
1779999159803
1779999160384
1779999160975
1779999161530
1779999165752
1779999166301
1779999166896
1779999167442
1779999168027
1779999168617
1779999169203
1779999169817
1779999170392
1779999170959
1779999171502
1779999172064
1779999172676
1779999173248
1779999173850
1779999174417
1779999175024
1779999175621
1779999176244
1779999176844
1779999177416
1779999178015
1779999178595
1779999179129
1779999179724
1779999180283
1779999180891
1779999181480
1779999182068
1779999182648
1779999183219
1779999183807
1779999184369
1779999184959
1779999185517
1779999186079
1779999186651
1779999187220
1779999187874
1779999188446
1779999189029
1779999189586
1779999190208
1779999190832
1779999191396
1779999192020
1779999192634
1779999193215
1779999193832
1779999194401
1779999194956
1779999195513
1779999196087
1779999196675
1779999197216
1779999197828
1779999198423
1779999199013
1779999199633
1779999200237
1779999200852
1779999201416
1779999202050
1779999202661
1779999203250
1779999203895
1779999204466
1779999205072
1779999205690
1779999206262
1779999206838
1779999207401
1779999207988
1779999208521
1779999209121
1779999209726
1779999210304
1779999210883
1779999211426
1779999212026
1779999212597
1779999213172
1779999213790
1779999214343
1779999214913
1779999215483
1779999216050
1779999216630
1779999217203
1779999217828
1779999218403
1779999219015
1779999219651
1779999246612
1779999247247
1779999247853
1779999248434
1779999249061
1779999249660
1779999250240
1779999254430
1779999255013
1779999255658
1779999256252
1779999256848
1779999258585
1779999259128
1779999259447
1779999259754
1779999260147
1779999260464
1779999260757
1779999261053
1779999261376
1779999261690
1779999262081
1779999262695
1779999263406
1779999264061
1779999264632
1779999265253
1779999265861
1779999266433
1779999267060
1779999267667
1779999268291
1779999268888
1779999269453
1779999270120
1779999270712
1779999271351
1779999272013
1779999272585
1779999273161
1779999273792
1779999274395
1779999275024
1779999275653
1779999276299
1779999276954
1779999279335
1779999279949
1779999280570
1779999281201
1779999281807
1779999282434
1779999283118
1779999283778
1779999284413
1779999285100
1779999285748
1779999286327
1779999286980
1779999287629
1779999288268
1779999288921
1779999289497
1779999290170
1779999290763
1779999291379
1779999291996
1779999292662
1779999293393
1779999294119
1779999294718
1779999295362
1779999296011
1779999296690
1779999297347
1779999297946
1779999298569
1779999299215
1779999299830
1779999300411
1779999301099
1779999301728
1779999302320
1779999302978
1779999303590
1779999304264
1779999304900
1779999305531
1779999306196
1779999306824
1779999307469
1779999308124
1779999308738
1779999309359
1779999310008
1779999310652
1779999311126
1779999311641
1779999312268
1779999312905
1779999313502
1779999314182
1779999314769
1779999315399
1779999316003
1779999316631
1779999320866
1779999321531
1779999322157
1779999322792
1779999323429
1779999324067
1779999324694
1779999325348
1779999325962
1779999326584
1779999327235
1779999327855
1779999328420
1779999329038
1779999329714
1779999330349
1779999330953
1779999331591
1779999332289
1779999332930
1779999333558
1779999334253
1779999334885
1779999335511
1779999336142
1779999336850
1779999337495
1779999338117
1779999338736
1779999339352
1779999339925
1779999340452
1779999341122
1779999341732
1779999342307
1779999342966
1779999343571
1779999344249
1779999344840
1779999345340
1779999345896
1779999346485
1779999347079
1779999347710
1779999348312
1779999348904
1779999349486
1779999350111
1779999350732
1779999352818
1779999353405
1779999354078
1779999354706
1779999355321
1779999355966
1779999356543
1779999357201
1779999357901
1779999358459
1779999359048
1779999359675
1779999360254
1779999360884
1779999361458
1779999362115
1779999362693
1779999363358
1779999363954
1779999366002
1779999366711
1779999367367
1779999367969
1779999368547
1779999369196
1779999369802
1779999370458
1779999371062
1779999371693
1779999372366
1779999372910
1779999373510
1779999374092
1779999374725
1779999375300
1779999377048
1779999377782
1779999378353
1779999378944
1779999379570
1779999380170
1779999380836
1779999381451
1779999382085
1779999382697
1779999383287
1779999383943
1779999384523
1779999385195
1779999385777
1779999386455
1779999390718
1779999391380
1779999392059
1779999392680
1779999393474
1779999394074
1779999394706
1779999395306
1779999395944
1779999396521
1779999398316
1779999399069
1779999399704
1779999400355
1779999401050
1779999401702
1779999402315
1779999402948
1779999403629
1779999404290
1779999404934
1779999405557
1779999406201
1779999406824
1779999407426
1779999408019
1779999408644
1779999409229
1779999409810
1779999410516
1779999411098
1779999411719
1779999412333
1779999412916
1779999413547
1779999414345
1779999414975
1779999415636
1779999416396
1779999417575
1779999419094
1779999421912
1779999424296
1779999425909
1779999426477
1779999427096
1779999427702
1779999428195
1779999428660
1779999429128
1779999429659
1779999430067
1779999430509
1779999430955
1779999431374
1779999431845
1779999432254
1779999432702
1779999433114
1779999433674
1779999434131
1779999434759
1779999435324
1779999435880
1779999436354
1779999436825
1779999437336
1779999438062
1779999438625
1779999439215
1779999439863
1779999440480
1779999441142
1779999442160
1779999442722
1779999443289
1779999443896
1779999444443
1779999445083
1779999445739
1779999446277
1779999446929
1779999447604
1779999448175
1779999448788
1779999449308
1779999450167
1779999450748
1779999451226
1779999451713
1779999452185
1779999452657
1779999453135
1779999453628
1779999454169
1779999454647
1779999455131
1779999455624
1779999456239
1779999456860
1779999475365
1779999475973
1779999476496
1779999477034
1779999477508
1779999477973
1779999478445
1779999478919
1779999479428
1779999480012
1779999480527
1779999480992
1779999481431
1779999481956
1779999482440
1779999482925
1779999483411
1779999483952
1779999484416
1779999484943
1779999485480
1779999486061
1779999486551
1779999487150
1779999487622
1779999488151
1779999488629
1779999489098
1779999489574
1779999490056
1779999490584
1779999491143
1779999491692
1779999492197
1779999492688
1779999493210
1779999493739
1779999494256
1779999494756
1779999495285
1779999495813
1779999496267
1779999496737
1779999497227
1779999497904
1779999498362
1779999498943
1779999499429
1779999499980
1779999500536
1779999501081
1779999501586
1779999502152
1779999502708
1779999503145
1779999503663
1779999504159
1779999504726
1779999505244
1779999505763
1779999506293
1779999506870
1779999507320
1779999507924
1779999508448
1779999508990
1779999509470
1779999510040
1779999510481
1779999510897
1779999511365
1779999511850
1779999512307
1779999512736
1779999513210
1779999513793
1779999514368
1779999514874
1779999515347
1779999515939
1779999516387
1779999517022
1779999517561
1779999518178
1779999518648
1779999519091
1779999519506
1779999519966
1779999520416
1779999521031
1779999521572
1779999522121
1779999522653
1779999523176
1779999523762
1779999524303
1779999524957
1779999525484
1779999525927
1779999526406
1779999530631
1779999531153
1779999531639
1779999532184
1779999532718
1779999533322
1779999533870
1779999534441
1779999535007
1779999535574
1779999536126
1779999536692
1779999537238
1779999537780
1779999538311
1779999538852
1779999539408
1779999539967
1779999540488
1779999541073
1779999541647
1779999542241
1779999542762
1779999543310
1779999543847
1779999544430
1779999545048
1779999545596
1779999546161
1779999546673
1779999547286
1779999547814
1779999548344
1779999548879
1779999549420
1779999549981
1779999550522
1779999551146
1779999551681
1779999552194
1779999552754
1779999553355
1779999553936
1779999554502
1779999555102
1779999555678
1779999556221
1779999556768
1779999557310
1779999557853
1779999558402
1779999558973
1779999559522
1779999560012
1779999560644
1779999561197
1779999561736
1779999562294
1779999562769
1779999563293
1779999563769
1779999564186
1779999564705
1779999565259
1779999565812
1779999566360
1779999566916
1779999567453
1779999568032
1779999568665
1779999569219
1779999569696
1779999570252
1779999570862
1779999571430
1779999572025
1779999572742
1779999573295
1779999573972
1779999574602
1779999575179
1779999575800
1779999576367
1779999576977
1779999577726
1779999578276
1779999578923
1779999579462
1779999580106
1779999580684
1779999581282
1779999581872
1779999582408
1779999583040
1779999583610
1779999584189
1779999584756
1779999585315
1779999585892
1779999586454
1779999590948
1779999591561
1779999592124
1779999592725
1779999593313
1779999593918
1779999594488
1779999595075
1779999595645
1779999596217
1779999596836
1779999597398
1779999597938
1779999598499
1779999599064
1779999599642
1779999600223
1779999600804
1779999601368
1779999601949
1779999602515
1779999603068
1779999603663
1779999604258
1779999604846
1779999605436
1779999606031
1779999606619
1779999607147
1779999607742
1779999608330
1779999608926
1779999609490
1779999610105
1779999610712
1779999611283
1779999611903
1779999612432
1779999613013
1779999613566
1779999614131
1779999614763
1779999615318
1779999615910
1779999616484
1779999617076
1779999617684
1779999618279
1779999618869
1779999619446
1779999620055
1779999620663
1779999621285
1779999621963
1779999622517
1779999623133
1779999623709
1779999624287
1779999624916
1779999625519
1779999626173
1779999626775
1779999627351
1779999627937
1779999628484
1779999629079
1779999629647
1779999630221
1779999630783
1779999631376
1779999631976
1779999632546
1779999633142
1779999633730
1779999634314
1779999634911
1779999635436
1779999636013
1779999636587
1779999637146
1779999637743
1779999638371
1779999638951
1779999639508
1779999640073
1779999640640
1779999641192
1779999641838
1779999642399
1779999643083
1779999643656
1779999644234
1779999644860
1779999645422
1779999646013
1779999646614
1779999647194
1779999647779
1779999648338
1779999648899
1779999653244
1779999653809
1779999654373
1779999654951
1779999655555
1779999656132
1779999656755
1779999657324
1779999657925
1779999658522
1779999659148
1779999659736
1779999660290
1779999660850
1779999661407
1779999661999
1779999662549
1779999663104
1779999663750
1779999664334
1779999664942
1779999665537
1779999666115
1779999666655
1779999667223
1779999667797
1779999668358
1779999668944
1779999669516
1779999670158
1779999670765
1779999671342
1779999671933
1779999672513
1779999673117
1779999673721
1779999674287
1779999674900
1779999675439
1779999676018
1779999676613
1779999677195
1779999677798
1779999678357
1779999678967
1779999679506
1779999680089
1779999680683
1779999681305
1779999681848
1779999682434
1779999682926
1779999683434
1779999684045
1779999684594
1779999685137
1779999685632
1779999686076
1779999686616
1779999687093
1779999687573
1779999688108
1779999688571
1779999689019
1779999689466
1779999690026
1779999690616
1779999691172
1779999691744
1779999692324
1779999692884
1779999693441
1779999694072
1779999694656
1779999695241
1779999695833
1779999696423
1779999697018
1779999697605
1779999698201
1779999698790
1779999699342
1779999699915
1779999700480
1779999701076
1779999701650
1779999702096
1779999702599
1779999703124
1779999703743
1779999704324
1779999704940
1779999705518
1779999706110
1779999706736
1779999707382
1779999707937
1779999708490
1779999709055
1779999709686
1779999714055
1779999714641
1779999715199
1779999715776
1779999716326
1779999716934
1779999717501
1779999718110
1779999718707
1779999719284
1779999719889
1779999720439
1779999721021
1779999721579
1779999722144
1779999722718
1779999723286
1779999723911
1779999724467
1779999725047
1779999725582
1779999726163
1779999726717
1779999727319
1779999727912
1779999728478
1779999729050
1779999729621
1779999730188
1779999730774
1779999731350
1779999731965
1779999732494
1779999733023
1779999733601
1779999734206
1779999734800
1779999735373
1779999735924
1779999736497
1779999737058
1779999737637
1779999738270
1779999738847
1779999739434
1779999740010
1779999740646
1779999741203
1779999741818
1779999742329
1779999742948
1779999743475
1779999744036
1779999744598
1779999745164
1779999745828
1779999746372
1779999746984
1779999747540
1779999748122
1779999748726
1779999749294
1779999749844
1779999750395
1779999750952
1779999751509
1779999752111
1779999752710
1779999753252
1779999753827
1779999754377
1779999754966
1779999755572
1779999756146
1779999756717
1779999757284
1779999757886
1779999758447
1779999759004
1779999759584
1779999760129
1779999760702
1779999761279
1779999761867
1779999762457
1779999763045
1779999763627
1779999764237
1779999764817
1779999765363
1779999765954
1779999766512
1779999767113
1779999767723
1779999768319
1779999768948
1779999769510
1779999770098
1779999770688
1779999771242
1779999775481
1779999776124
1779999776714
1779999777298
1779999777887
1779999778444
1779999779015
1779999779568
1779999780150
1779999780747
1779999781306
1779999781895
1779999782489
1779999783056
1779999783647
1779999784227
1779999784813
1779999785373
1779999785935
1779999786489
1779999787072
1779999787684
1779999788255
1779999788832
1779999789379
1779999789986
1779999790557
1779999791122
1779999791681
1779999792241
1779999792831
1779999793403
1779999794029
1779999794644
1779999795249
1779999795806
1779999796344
1779999796918
1779999797471
1779999798065
1779999798647
1779999799232
1779999799825
1779999800397
1779999800946
1779999801471
1779999802092
1779999802689
1779999803250
1779999803867
1779999804470
1779999805077
1779999805677
1779999806255
1779999806858
1779999807411
1779999808002
1779999808556
1779999809093
1779999809716
1779999810323
1779999810923
1779999811474
1779999812061
1779999812640
1779999813195
1779999813763
1779999814319
1779999814891
1779999815471
1779999816108
1779999816677
1779999817267
1779999817863
1779999818423
1779999818990
1779999819562
1779999820144
1779999820740
1779999821321
1779999821851
1779999822396
1779999822956
1779999823534
1779999824126
1779999824726
1779999825299
1779999825940
1779999826459
1779999827017
1779999827595
1779999828145
1779999828716
1779999829337
1779999829944
1779999830514
1779999831106
1779999831726
1779999832274
1779999832851
1779999837355
1779999837918
1779999838459
1779999839085
1779999839678
1779999840287
1779999840892
1779999841486
1779999842102
1779999842702
1779999843273
1779999843840
1779999844411
1779999845010
1779999845608
1779999846199
1779999846762
1779999847335
1779999847900
1779999848463
1779999849017
1779999849599
1779999850183
1779999850754
1779999851304
1779999851876
1779999852461
1779999853020
1779999853601
1779999854163
1779999854773
1779999855365
1779999855962
1779999856523
1779999857105
1779999857743
1779999858331
1779999858946
1779999859550
1779999860115
1779999860689
1779999861240
1779999861813
1779999862357
1779999862957
1779999863523
1779999864119
1779999864721
1779999865264
1779999865839
1779999866420
1779999866985
1779999867536
1779999868200
1779999868814
1779999869420
1779999870020
1779999870620
1779999871185
1779999871776
1779999872312
1779999872871
1779999873421
1779999874027
1779999874598
1779999875214
1779999875793
1779999876378
1779999876981
1779999877555
1779999878164
1779999878778
1779999879364
1779999879965
1779999880518
1779999881127
1779999881696
1779999882239
1779999882814
1779999883404
1779999884037
1779999884616
1779999885195
1779999885769
1779999886288
1779999886857
1779999887406
1779999887968
1779999888498
1779999889104
1779999889692
1779999890251
1779999890822
1779999891404
1779999891984
1779999892527
1779999893090
1779999893651
1779999894245
1779999894835
1779999899326
1779999899927
1779999900505
1779999901070
1779999901669
1779999902224
1779999902789
1779999903321
1779999903947
1779999904512
1779999905100
1779999905696
1779999906275
1779999906882
1779999907455
1779999908035
1779999908617
1779999909193
1779999909825
1779999910411
1779999911048
1779999911665
1779999912271
1779999912852
1779999913387
1779999913990
1779999914546
1779999915144
1779999915748
1779999916326
1779999916896
1779999917437
1779999918053
1779999918632
1779999919192
1779999919772
1779999920352
1779999920939
1779999921512
1779999922091
1779999922668
1779999923233
1779999923808
1779999924361
1779999924960
1779999925524
1779999926094
1779999926652
1779999927199
1779999927768
1779999928353
1779999928950
1779999929525
1779999930101
1779999930678
1779999931298
1779999931866
1779999932425
1779999932991
1779999933545
1779999934149
1779999934758
1779999935318
1779999935919
1779999936491
1779999937098
1779999937671
1779999938246
1779999938843
1779999939413
1779999940011
1779999940604
1779999941167
1779999941767
1779999942346
1779999942937
1779999943475
1779999944073
1779999944649
1779999945188
1779999945807
1779999946390
1779999946952
1779999947534
1779999948129
1779999948734
1779999949328
1779999949916
1779999950503
1779999951088
1779999951710
1779999952286
1779999952909
1779999953478
1779999954048
1779999954659
1779999955207
1779999955785
1779999956355
1779999956979
1779999961401
1779999962010
1779999962629
1779999963169
1779999963745
1779999964322
1779999964857
1779999965399
1779999965993
1779999966555
1779999967162
1779999967768
1779999968356
1779999968943
1779999969519
1779999970089
1779999970669
1779999971214
1779999971806
1779999972385
1779999973012
1779999973609
1779999974167
1779999974752
1779999975314
1779999975927
1779999976495
1779999977062
1779999977626
1779999978230
1779999978776
1779999979318
1779999979930
1779999980505
1779999981111
1779999981690
1779999982248
1779999982847
1779999983402
1779999983985
1779999984559
1779999985119
1779999985728
1779999986273
1779999986858
1779999987430
1779999988012
1779999988589
1779999989117
1779999989712
1779999990274
1779999990863
1779999991451
1779999992002
1779999992587
1779999993152
1779999993747
1779999994319
1779999994906
1779999995498
1779999996098
1779999996699
1779999997286
1779999997881
1779999998420
1779999999071
1779999999654
1780000000253
1780000000822
1780000001481
1780000002077
1780000002660
1780000003234
1780000003851
1780000004427
1780000005048
1780000005638
1780000006206
1780000006808
1780000007400
1780000007990
1780000008542
1780000009091
1780000009677
1780000010279
1780000010866
1780000011500
1780000012099
1780000012705
1780000013323
1780000013918
1780000014484
1780000015087
1780000015694
1780000016269
1780000016880
1780000017416
1780000018010
1780000018638
1780000019224
1780000024294
1780000024929
1780000025498
1780000026079
1780000026656
1780000027229
1780000027847
1780000028399
1780000029005
1780000029571
1780000030158
1780000030735
1780000031294
1780000031881
1780000032448
1780000033071
1780000033670
